Photo,Specimen,Species,Location,Sensillum_type,Olfactory_type,x,y,Number,Comments,,,,,,,,,,,
bicelloynchaM f1_xy.tif,NCC Ent 2,Bicellonycha wickershamorum,F1,mechano,NA,17.061,85.482,1,yellow,,,,,,,,,,,
bicelloynchaM f1_xy.tif,NCC Ent 2,Bicellonycha wickershamorum,F1,mechano,NA,18.816,97.061,2,yellow,,,,,,,,,,,
bicelloynchaM f1_xy.tif,NCC Ent 2,Bicellonycha wickershamorum,F1,mechano,NA,16.009,110.044,3,yellow,,,,,,,,,,,
bicelloynchaM f1_xy.tif,NCC Ent 2,Bicellonycha wickershamorum,F1,mechano,NA,31.447,87.588,4,yellow,,,,,,,,,,,
bicelloynchaM f1_xy.tif,NCC Ent 2,Bicellonycha wickershamorum,F1,mechano,NA,37.061,106.535,5,yellow,,,,,,,,,,,
bicelloynchaM f1_xy.tif,NCC Ent 2,Bicellonycha wickershamorum,F1,mechano,NA,20.57,122.675,6,yellow,,,,,,,,,,,
bicelloynchaM f1_xy.tif,NCC Ent 2,Bicellonycha wickershamorum,F1,mechano,NA,24.43,137.412,7,yellow,,,,,,,,,,,
bicelloynchaM f1_xy.tif,NCC Ent 2,Bicellonycha wickershamorum,F1,mechano,NA,35.658,129.693,8,yellow,,,,,,,,,,,
bicelloynchaM f1_xy.tif,NCC Ent 2,Bicellonycha wickershamorum,F1,mechano,NA,51.447,120.921,9,yellow,,,,,,,,,,,
bicelloynchaM f1_xy.tif,NCC Ent 2,Bicellonycha wickershamorum,F1,mechano,NA,61.974,113.904,10,yellow,,,,,,,,,,,
bicelloynchaM f1_xy.tif,NCC Ent 2,Bicellonycha wickershamorum,F1,mechano,NA,68.289,100.921,11,yellow,,,,,,,,,,,
bicelloynchaM f1_xy.tif,NCC Ent 2,Bicellonycha wickershamorum,F1,mechano,NA,65.132,88.64,12,yellow,,,,,,,,,,,
bicelloynchaM f1_xy.tif,NCC Ent 2,Bicellonycha wickershamorum,F1,mechano,NA,73.553,78.465,13,yellow,,,,,,,,,,,
bicelloynchaM f1_xy.tif,NCC Ent 2,Bicellonycha wickershamorum,F1,mechano,NA,92.5,81.623,14,yellow,,,,,,,,,,,
bicelloynchaM f1_xy.tif,NCC Ent 2,Bicellonycha wickershamorum,F1,mechano,NA,100.219,89.693,15,yellow,,,,,,,,,,,
bicelloynchaM f1_xy.tif,NCC Ent 2,Bicellonycha wickershamorum,F1,mechano,NA,98.816,107.939,16,yellow,,,,,,,,,,,
bicelloynchaM f1_xy.tif,NCC Ent 2,Bicellonycha wickershamorum,F1,mechano,NA,99.167,124.079,17,yellow,,,,,,,,,,,
bicelloynchaM f1_xy.tif,NCC Ent 2,Bicellonycha wickershamorum,F1,mechano,NA,70.746,129.693,18,yellow,,,,,,,,,,,
bicelloynchaM f1_xy.tif,NCC Ent 2,Bicellonycha wickershamorum,F1,mechano,NA,115.658,67.237,19,yellow,,,,,,,,,,,
bicelloynchaM f1_xy.tif,NCC Ent 2,Bicellonycha wickershamorum,F1,mechano,NA,113.553,71.447,20,yellow,,,,,,,,,,,
bicelloynchaM f1_xy.tif,NCC Ent 2,Bicellonycha wickershamorum,F1,mechano,NA,123.026,79.868,21,yellow,,,,,,,,,,,
bicelloynchaM f1_xy.tif,NCC Ent 2,Bicellonycha wickershamorum,F1,mechano,NA,117.412,94.605,22,yellow,,,,,,,,,,,
bicelloynchaM f1_xy.tif,NCC Ent 2,Bicellonycha wickershamorum,F1,mechano,NA,135.658,69.342,23,yellow,,,,,,,,,,,
bicelloynchaM f1_xy.tif,NCC Ent 2,Bicellonycha wickershamorum,F1,mechano,NA,143.728,74.605,24,yellow,,,,,,,,,,,
bicelloynchaM f1_xy.tif,NCC Ent 2,Bicellonycha wickershamorum,F1,mechano,NA,150.395,89.693,25,yellow,,,,,,,,,,,
bicelloynchaM f1_xy.tif,NCC Ent 2,Bicellonycha wickershamorum,F1,mechano,NA,138.114,104.781,26,yellow,,,,,,,,,,,
bicelloynchaM f1_xy.tif,NCC Ent 2,Bicellonycha wickershamorum,F1,mechano,NA,133.202,116.009,27,yellow,,,,,,,,,,,
bicelloynchaM f1_xy.tif,NCC Ent 2,Bicellonycha wickershamorum,F1,mechano,NA,148.991,128.289,28,yellow,,,,,,,,,,,
bicelloynchaM f1_xy.tif,NCC Ent 2,Bicellonycha wickershamorum,F1,mechano,NA,157.412,64.079,29,yellow,,,,,,,,,,,
bicelloynchaM f1_xy.tif,NCC Ent 2,Bicellonycha wickershamorum,F1,mechano,NA,185.833,61.974,30,yellow,,,,,,,,,,,
bicelloynchaM f1_xy.tif,NCC Ent 2,Bicellonycha wickershamorum,F1,mechano,NA,182.325,70.746,31,yellow,,,,,,,,,,,
bicelloynchaM f1_xy.tif,NCC Ent 2,Bicellonycha wickershamorum,F1,mechano,NA,177.061,128.64,32,yellow,,,,,,,,,,,
bicelloynchaM f1_xy.tif,NCC Ent 2,Bicellonycha wickershamorum,F1,mechano,NA,200.219,156.36,33,yellow,,,,,,,,,,,
bicelloynchaM f1_xy.tif,NCC Ent 2,Bicellonycha wickershamorum,F1,mechano,NA,203.728,102.325,34,yellow,,,,,,,,,,,
bicelloynchaM f1_xy.tif,NCC Ent 2,Bicellonycha wickershamorum,F1,mechano,NA,197.412,90.044,35,yellow,,,,,,,,,,,
bicelloynchaM f1_xy.tif,NCC Ent 2,Bicellonycha wickershamorum,F1,mechano,NA,200.921,78.816,36,yellow,,,,,,,,,,,
bicelloynchaM f1_xy.tif,NCC Ent 2,Bicellonycha wickershamorum,F1,mechano,NA,216.711,69.693,37,yellow,,,,,,,,,,,
bicelloynchaM f1_xy.tif,NCC Ent 2,Bicellonycha wickershamorum,F1,mechano,NA,241.623,61.272,38,yellow,,,,,,,,,,,
bicelloynchaM f1_xy.tif,NCC Ent 2,Bicellonycha wickershamorum,F1,mechano,NA,239.868,73.202,39,yellow,,,,,,,,,,,
bicelloynchaM f1_xy.tif,NCC Ent 2,Bicellonycha wickershamorum,F1,mechano,NA,237.763,83.026,40,yellow,,,,,,,,,,,
bicelloynchaM f1_xy.tif,NCC Ent 2,Bicellonycha wickershamorum,F1,mechano,NA,240.921,92.149,41,yellow,,,,,,,,,,,
bicelloynchaM f1_xy.tif,NCC Ent 2,Bicellonycha wickershamorum,F1,mechano,NA,238.816,102.675,42,yellow,,,,,,,,,,,
bicelloynchaM f1_xy.tif,NCC Ent 2,Bicellonycha wickershamorum,F1,mechano,NA,233.904,114.254,43,yellow,,,,,,,,,,,
bicelloynchaM f1_xy.tif,NCC Ent 2,Bicellonycha wickershamorum,F1,mechano,NA,192.149,111.798,44,yellow,,,,,,,,,,,
bicelloynchaM f1_xy.tif,NCC Ent 2,Bicellonycha wickershamorum,F1,mechano,NA,231.096,141.272,45,yellow,,,,,,,,,,,
bicelloynchaM f1_xy.tif,NCC Ent 2,Bicellonycha wickershamorum,F1,mechano,NA,237.061,149.342,46,yellow,,,,,,,,,,,
bicelloynchaM f1_xy.tif,NCC Ent 2,Bicellonycha wickershamorum,F1,mechano,NA,217.061,154.605,47,yellow,,,,,,,,,,,
bicelloynchaM f1_xy.tif,NCC Ent 2,Bicellonycha wickershamorum,F1,mechano,NA,119.167,139.518,48,yellow,,,,,,,,,,,
bicelloynchaM f1_xy.tif,NCC Ent 2,Bicellonycha wickershamorum,F1,mechano,NA,165.132,114.956,49,yellow,,,,,,,,,,,
bicelloynchaM f1_xy.tif,NCC Ent 2,Bicellonycha wickershamorum,F1,olfactory,NA,159.211,102.632,1,pink,,,,,,,,,,,
bicelloynchaM f1_xy.tif,NCC Ent 2,Bicellonycha wickershamorum,F1,olfactory,trichoid,168.289,69.693,2,pink,,,,,,,,,,,
bicelloynchaM f1_xy.tif,NCC Ent 2,Bicellonycha wickershamorum,F1,olfactory,trichoid,204.781,62.675,3,pink,,,,,,,,,,,
bicelloynchaM f1_xy.tif,NCC Ent 2,Bicellonycha wickershamorum,F1,olfactory,trichoid,225.132,60.921,4,pink,,,,,,,,,,,
bicelloynchaM f1_xy.tif,NCC Ent 2,Bicellonycha wickershamorum,F1,olfactory,trichoid,226.184,66.886,5,pink,,,,,,,,,,,
bicelloynchaM f1_xy.tif,NCC Ent 2,Bicellonycha wickershamorum,F1,olfactory,NA,200.219,123.026,6,pink,,,,,,,,,,,
bicelloynchaM f1_xy.tif,NCC Ent 2,Bicellonycha wickershamorum,F1,olfactory,trichoid,233.904,129.342,7,pink,,,,,,,,,,,
bicelloynchaM f1_xy.tif,NCC Ent 2,Bicellonycha wickershamorum,F1,olfactory,trichoid,207.588,136.711,8,pink,,,,,,,,,,,
bicelloynchaM f2_xy.tif,NCC Ent 2,Bicellonycha wickershamorum,F2,mechano,NA,10.286,74.857,1,yellow,,,,,,,,,,,
bicelloynchaM f2_xy.tif,NCC Ent 2,Bicellonycha wickershamorum,F2,mechano,NA,12.048,95.476,2,yellow,,,,,,,,,,,
bicelloynchaM f2_xy.tif,NCC Ent 2,Bicellonycha wickershamorum,F2,mechano,NA,17,108.048,3,yellow,,,,,,,,,,,
bicelloynchaM f2_xy.tif,NCC Ent 2,Bicellonycha wickershamorum,F2,mechano,NA,52.81,120.238,4,yellow,,,,,,,,,,,
bicelloynchaM f2_xy.tif,NCC Ent 2,Bicellonycha wickershamorum,F2,mechano,NA,42.143,104.619,5,yellow,,,,,,,,,,,
bicelloynchaM f2_xy.tif,NCC Ent 2,Bicellonycha wickershamorum,F2,mechano,NA,42.143,86.714,6,yellow,,,,,,,,,,,
bicelloynchaM f2_xy.tif,NCC Ent 2,Bicellonycha wickershamorum,F2,mechano,NA,57.381,66.905,7,yellow,,,,,,,,,,,
bicelloynchaM f2_xy.tif,NCC Ent 2,Bicellonycha wickershamorum,F2,mechano,NA,49.762,59.667,8,yellow,,,,,,,,,,,
bicelloynchaM f2_xy.tif,NCC Ent 2,Bicellonycha wickershamorum,F2,mechano,NA,31.476,58.905,9,yellow,,,,,,,,,,,
bicelloynchaM f2_xy.tif,NCC Ent 2,Bicellonycha wickershamorum,F2,mechano,NA,18.143,58.524,10,yellow,,,,,,,,,,,
bicelloynchaM f2_xy.tif,NCC Ent 2,Bicellonycha wickershamorum,F2,mechano,NA,89,82.143,11,yellow,,,,,,,,,,,
bicelloynchaM f2_xy.tif,NCC Ent 2,Bicellonycha wickershamorum,F2,mechano,NA,101.571,71.476,12,yellow,,,,,,,,,,,
bicelloynchaM f2_xy.tif,NCC Ent 2,Bicellonycha wickershamorum,F2,mechano,NA,79.857,65.762,13,yellow,,,,,,,,,,,
bicelloynchaM f2_xy.tif,NCC Ent 2,Bicellonycha wickershamorum,F2,mechano,NA,118.714,63.476,14,yellow,,,,,,,,,,,
bicelloynchaM f2_xy.tif,NCC Ent 2,Bicellonycha wickershamorum,F2,mechano,NA,122.143,69.19,15,yellow,,,,,,,,,,,
bicelloynchaM f2_xy.tif,NCC Ent 2,Bicellonycha wickershamorum,F2,mechano,NA,125.571,80.619,16,yellow,,,,,,,,,,,
bicelloynchaM f2_xy.tif,NCC Ent 2,Bicellonycha wickershamorum,F2,mechano,NA,136.619,106.524,17,yellow,,,,,,,,,,,
bicelloynchaM f2_xy.tif,NCC Ent 2,Bicellonycha wickershamorum,F2,mechano,NA,114.143,114.524,18,yellow,,,,,,,,,,,
bicelloynchaM f2_xy.tif,NCC Ent 2,Bicellonycha wickershamorum,F2,mechano,NA,119.095,130.905,19,yellow,,,,,,,,,,,
bicelloynchaM f2_xy.tif,NCC Ent 2,Bicellonycha wickershamorum,F2,mechano,NA,137.381,125.19,20,yellow,,,,,,,,,,,
bicelloynchaM f2_xy.tif,NCC Ent 2,Bicellonycha wickershamorum,F2,mechano,NA,156.048,95.476,21,yellow,,,,,,,,,,,
bicelloynchaM f2_xy.tif,NCC Ent 2,Bicellonycha wickershamorum,F2,mechano,NA,154.524,81.762,22,yellow,,,,,,,,,,,
bicelloynchaM f2_xy.tif,NCC Ent 2,Bicellonycha wickershamorum,F2,mechano,NA,178.143,67.286,23,yellow,,,,,,,,,,,
bicelloynchaM f2_xy.tif,NCC Ent 2,Bicellonycha wickershamorum,F2,mechano,NA,216.619,88.619,24,yellow,,,,,,,,,,,
bicelloynchaM f2_xy.tif,NCC Ent 2,Bicellonycha wickershamorum,F2,mechano,NA,206.714,99.667,25,yellow,,,,,,,,,,,
bicelloynchaM f2_xy.tif,NCC Ent 2,Bicellonycha wickershamorum,F2,mechano,NA,209,111.857,26,yellow,,,,,,,,,,,
bicelloynchaM f2_xy.tif,NCC Ent 2,Bicellonycha wickershamorum,F2,mechano,NA,216.238,122.905,27,yellow,,,,,,,,,,,
bicelloynchaM f2_xy.tif,NCC Ent 2,Bicellonycha wickershamorum,F2,mechano,NA,178.524,127.857,28,yellow,,,,,,,,,,,
bicelloynchaM f2_xy.tif,NCC Ent 2,Bicellonycha wickershamorum,F2,mechano,NA,192.238,147.286,29,yellow,,,,,,,,,,,
bicelloynchaM f2_xy.tif,NCC Ent 2,Bicellonycha wickershamorum,F2,mechano,NA,182.333,63.095,30,yellow,,,,,,,,,,,
bicelloynchaM f2_xy.tif,NCC Ent 2,Bicellonycha wickershamorum,F2,mechano,NA,244.048,126.333,31,yellow,,,,,,,,,,,
bicelloynchaM f2_xy.tif,NCC Ent 2,Bicellonycha wickershamorum,F2,mechano,NA,265.762,132.048,32,yellow,,,,,,,,,,,
bicelloynchaM f2_xy.tif,NCC Ent 2,Bicellonycha wickershamorum,F2,mechano,NA,278.714,122.143,33,yellow,,,,,,,,,,,
bicelloynchaM f2_xy.tif,NCC Ent 2,Bicellonycha wickershamorum,F2,mechano,NA,268.048,161.381,34,yellow,,,,,,,,,,,
bicelloynchaM f2_xy.tif,NCC Ent 2,Bicellonycha wickershamorum,F2,mechano,NA,229.952,156.81,35,yellow,,,,,,,,,,,
bicelloynchaM f2_xy.tif,NCC Ent 2,Bicellonycha wickershamorum,F2,mechano,NA,264.619,82.143,36,yellow,,,,,,,,,,,
bicelloynchaM f2_xy.tif,NCC Ent 2,Bicellonycha wickershamorum,F2,mechano,NA,183.095,87.857,37,yellow,,,,,,,,,,,
bicelloynchaM f2_xy.tif,NCC Ent 2,Bicellonycha wickershamorum,F2,mechano,NA,92.048,132.048,38,yellow,,,,,,,,,,,
bicelloynchaM f2_xy.tif,NCC Ent 2,Bicellonycha wickershamorum,F2,mechano,NA,279.857,144.619,39,yellow,,,,,,,,,,,
bicelloynchaM f2_xy.tif,NCC Ent 2,Bicellonycha wickershamorum,F2,mechano,NA,72.619,84.048,40,yellow,,,,,,,,,,,
bicelloynchaM f2_xy.tif,NCC Ent 2,Bicellonycha wickershamorum,F2,mechano,NA,116.429,93.952,41,yellow,,,,,,,,,,,
bicelloynchaM f2_xy.tif,NCC Ent 2,Bicellonycha wickershamorum,F2,olfactory,trichoid,64,61.714,1,pink,,,,,,,,,,,
bicelloynchaM f2_xy.tif,NCC Ent 2,Bicellonycha wickershamorum,F2,olfactory,trichoid,105,60.81,2,pink,,,,,,,,,,,
bicelloynchaM f2_xy.tif,NCC Ent 2,Bicellonycha wickershamorum,F2,olfactory,trichoid,216.619,62.333,3,pink,,,,,,,,,,,
bicelloynchaM f2_xy.tif,NCC Ent 2,Bicellonycha wickershamorum,F2,olfactory,trichoid,224.619,65,4,pink,,,,,,,,,,,
bicelloynchaM f2_xy.tif,NCC Ent 2,Bicellonycha wickershamorum,F2,olfactory,trichoid,202.524,64.238,5,pink,,,,,,,,,,,
bicelloynchaM f2_xy.tif,NCC Ent 2,Bicellonycha wickershamorum,F2,olfactory,trichoid,161.762,125.952,6,pink,,,,,,,,,,,
bicelloynchaM f2_xy.tif,NCC Ent 2,Bicellonycha wickershamorum,F2,olfactory,NA,198.333,124.81,7,pink,,,,,,,,,,,
bicelloynchaM f2_xy.tif,NCC Ent 2,Bicellonycha wickershamorum,F2,olfactory,NA,218.524,139.286,8,pink,,,,,,,,,,,
bicelloynchaM f2_xy.tif,NCC Ent 2,Bicellonycha wickershamorum,F2,olfactory,NA,234.143,143.476,9,pink,,,,,,,,,,,
bicelloynchaM f2_xy.tif,NCC Ent 2,Bicellonycha wickershamorum,F2,olfactory,NA,258.524,146.905,10,pink,,,,,,,,,,,
bicelloynchaM f2_xy.tif,NCC Ent 2,Bicellonycha wickershamorum,F2,olfactory,trichoid,239.095,151.857,11,pink,,,,,,,,,,,
bicelloynchaM f2_xy.tif,NCC Ent 2,Bicellonycha wickershamorum,F2,olfactory,NA,58.143,77.952,12,pink,,,,,,,,,,,
bicelloynchaM f2_xy.tif,NCC Ent 2,Bicellonycha wickershamorum,F2,olfactory,trichoid,117.952,142.333,13,pink,,,,,,,,,,,
bicelloynchaM f2_xy.tif,NCC Ent 2,Bicellonycha wickershamorum,F2,olfactory,NA,236.81,83.286,14,pink,,,,,,,,,,,
bicelloynchaM f2_xy.tif,NCC Ent 2,Bicellonycha wickershamorum,F2,olfactory,NA,224.238,133.19,15,pink,,,,,,,,,,,
bicelloynchaM f3_xy.tif,NCC Ent 2,Bicellonycha wickershamorum,F3,mechano,NA,16.654,51.003,1,yellow,,,,,,,,,,,
bicelloynchaM f3_xy.tif,NCC Ent 2,Bicellonycha wickershamorum,F3,mechano,NA,20.074,36.728,2,yellow,,,,,,,,,,,
bicelloynchaM f3_xy.tif,NCC Ent 2,Bicellonycha wickershamorum,F3,mechano,NA,30.78,29.293,3,yellow,,,,,,,,,,,
bicelloynchaM f3_xy.tif,NCC Ent 2,Bicellonycha wickershamorum,F3,mechano,NA,33.011,22.602,4,yellow,,,,,,,,,,,
bicelloynchaM f3_xy.tif,NCC Ent 2,Bicellonycha wickershamorum,F3,mechano,NA,36.134,18.736,5,yellow,,,,,,,,,,,
bicelloynchaM f3_xy.tif,NCC Ent 2,Bicellonycha wickershamorum,F3,mechano,NA,37.769,11.896,6,yellow,,,,,,,,,,,
bicelloynchaM f3_xy.tif,NCC Ent 2,Bicellonycha wickershamorum,F3,mechano,NA,42.974,12.045,7,yellow,,,,,,,,,,,
bicelloynchaM f3_xy.tif,NCC Ent 2,Bicellonycha wickershamorum,F3,mechano,NA,40.148,38.364,8,yellow,,,,,,,,,,,
bicelloynchaM f3_xy.tif,NCC Ent 2,Bicellonycha wickershamorum,F3,mechano,NA,32.714,53.68,9,yellow,,,,,,,,,,,
bicelloynchaM f3_xy.tif,NCC Ent 2,Bicellonycha wickershamorum,F3,mechano,NA,43.42,73.457,10,yellow,,,,,,,,,,,
bicelloynchaM f3_xy.tif,NCC Ent 2,Bicellonycha wickershamorum,F3,mechano,NA,48.922,53.829,11,yellow,,,,,,,,,,,
bicelloynchaM f3_xy.tif,NCC Ent 2,Bicellonycha wickershamorum,F3,mechano,NA,57.546,26.022,12,yellow,,,,,,,,,,,
bicelloynchaM f3_xy.tif,NCC Ent 2,Bicellonycha wickershamorum,F3,mechano,NA,59.925,22.751,13,yellow,,,,,,,,,,,
bicelloynchaM f3_xy.tif,NCC Ent 2,Bicellonycha wickershamorum,F3,mechano,NA,63.345,35.687,14,yellow,,,,,,,,,,,
bicelloynchaM f3_xy.tif,NCC Ent 2,Bicellonycha wickershamorum,F3,mechano,NA,61.858,44.163,15,yellow,,,,,,,,,,,
bicelloynchaM f3_xy.tif,NCC Ent 2,Bicellonycha wickershamorum,F3,mechano,NA,70.185,73.754,16,yellow,,,,,,,,,,,
bicelloynchaM f3_xy.tif,NCC Ent 2,Bicellonycha wickershamorum,F3,mechano,NA,79.702,64.386,17,yellow,,,,,,,,,,,
bicelloynchaM f3_xy.tif,NCC Ent 2,Bicellonycha wickershamorum,F3,mechano,NA,62.304,19.033,18,yellow,,,,,,,,,,,
bicelloynchaM f3_xy.tif,NCC Ent 2,Bicellonycha wickershamorum,F3,mechano,NA,91.449,28.401,19,yellow,,,,,,,,,,,
bicelloynchaM f3_xy.tif,NCC Ent 2,Bicellonycha wickershamorum,F3,mechano,NA,78.81,35.539,20,yellow,,,,,,,,,,,
bicelloynchaM f3_xy.tif,NCC Ent 2,Bicellonycha wickershamorum,F3,mechano,NA,84.758,51.449,21,yellow,,,,,,,,,,,
bicelloynchaM f3_xy.tif,NCC Ent 2,Bicellonycha wickershamorum,F3,mechano,NA,66.171,87.88,22,yellow,,,,,,,,,,,
bicelloynchaM f3_xy.tif,NCC Ent 2,Bicellonycha wickershamorum,F3,mechano,NA,88.475,94.423,23,yellow,,,,,,,,,,,
bicelloynchaM f3_xy.tif,NCC Ent 2,Bicellonycha wickershamorum,F3,mechano,NA,106.616,68.401,24,yellow,,,,,,,,,,,
bicelloynchaM f3_xy.tif,NCC Ent 2,Bicellonycha wickershamorum,F3,mechano,NA,126.542,66.022,25,yellow,,,,,,,,,,,
bicelloynchaM f3_xy.tif,NCC Ent 2,Bicellonycha wickershamorum,F3,mechano,NA,114.051,86.84,26,yellow,,,,,,,,,,,
bicelloynchaM f3_xy.tif,NCC Ent 2,Bicellonycha wickershamorum,F3,mechano,NA,93.531,47.435,27,yellow,,,,,,,,,,,
bicelloynchaM f3_xy.tif,NCC Ent 2,Bicellonycha wickershamorum,F3,mechano,NA,126.393,106.616,28,yellow,,,,,,,,,,,
bicelloynchaM f3_xy.tif,NCC Ent 2,Bicellonycha wickershamorum,F3,mechano,NA,112.267,116.282,29,yellow,,,,,,,,,,,
bicelloynchaM f3_xy.tif,NCC Ent 2,Bicellonycha wickershamorum,F3,mechano,NA,146.765,107.509,30,yellow,,,,,,,,,,,
bicelloynchaM f3_xy.tif,NCC Ent 2,Bicellonycha wickershamorum,F3,mechano,NA,149.441,124.014,31,yellow,,,,,,,,,,,
bicelloynchaM f3_xy.tif,NCC Ent 2,Bicellonycha wickershamorum,F3,mechano,NA,132.341,79.405,32,yellow,,,,,,,,,,,
bicelloynchaM f3_xy.tif,NCC Ent 2,Bicellonycha wickershamorum,F3,mechano,NA,157.025,99.181,33,yellow,,,,,,,,,,,
bicelloynchaM f3_xy.tif,NCC Ent 2,Bicellonycha wickershamorum,F3,mechano,NA,166.393,63.048,34,yellow,,,,,,,,,,,
bicelloynchaM f3_xy.tif,NCC Ent 2,Bicellonycha wickershamorum,F3,mechano,NA,173.233,84.46,35,yellow,,,,,,,,,,,
bicelloynchaM f3_xy.tif,NCC Ent 2,Bicellonycha wickershamorum,F3,mechano,NA,166.542,92.936,36,yellow,,,,,,,,,,,
bicelloynchaM f3_xy.tif,NCC Ent 2,Bicellonycha wickershamorum,F3,mechano,NA,176.95,142.155,37,yellow,,,,,,,,,,,
bicelloynchaM f3_xy.tif,NCC Ent 2,Bicellonycha wickershamorum,F3,mechano,NA,178.884,124.163,38,yellow,,,,,,,,,,,
bicelloynchaM f3_xy.tif,NCC Ent 2,Bicellonycha wickershamorum,F3,mechano,NA,193.753,100.222,39,yellow,,,,,,,,,,,
bicelloynchaM f3_xy.tif,NCC Ent 2,Bicellonycha wickershamorum,F3,mechano,NA,208.028,97.1,40,yellow,,,,,,,,,,,
bicelloynchaM f3_xy.tif,NCC Ent 2,Bicellonycha wickershamorum,F3,mechano,NA,181.857,159.701,41,yellow,,,,,,,,,,,
bicelloynchaM f3_xy.tif,NCC Ent 2,Bicellonycha wickershamorum,F3,mechano,NA,207.136,164.609,42,yellow,,,,,,,,,,,
bicelloynchaM f3_xy.tif,NCC Ent 2,Bicellonycha wickershamorum,F3,mechano,NA,214.125,156.281,43,yellow,,,,,,,,,,,
bicelloynchaM f3_xy.tif,NCC Ent 2,Bicellonycha wickershamorum,F3,mechano,NA,204.46,140.371,44,yellow,,,,,,,,,,,
bicelloynchaM f3_xy.tif,NCC Ent 2,Bicellonycha wickershamorum,F3,mechano,NA,216.207,121.189,45,yellow,,,,,,,,,,,
bicelloynchaM f3_xy.tif,NCC Ent 2,Bicellonycha wickershamorum,F3,mechano,NA,246.541,184.831,46,yellow,,,,,,,,,,,
bicelloynchaM f3_xy.tif,NCC Ent 2,Bicellonycha wickershamorum,F3,mechano,NA,232.117,171.003,47,yellow,,,,,,,,,,,
bicelloynchaM f3_xy.tif,NCC Ent 2,Bicellonycha wickershamorum,F3,mechano,NA,226.616,180.519,48,yellow,,,,,,,,,,,
bicelloynchaM f3_xy.tif,NCC Ent 2,Bicellonycha wickershamorum,F3,mechano,NA,246.244,118.958,49,yellow,,,,,,,,,,,
bicelloynchaM f3_xy.tif,NCC Ent 2,Bicellonycha wickershamorum,F3,mechano,NA,256.058,128.178,50,yellow,,,,,,,,,,,
bicelloynchaM f3_xy.tif,NCC Ent 2,Bicellonycha wickershamorum,F3,mechano,NA,232.712,103.94,51,yellow,,,,,,,,,,,
bicelloynchaM f3_xy.tif,NCC Ent 2,Bicellonycha wickershamorum,F3,mechano,NA,178.586,79.702,52,yellow,,,,,,,,,,,
bicelloynchaM f3_xy.tif,NCC Ent 2,Bicellonycha wickershamorum,F3,mechano,NA,192.118,78.512,53,yellow,,,,,,,,,,,
bicelloynchaM f3_xy.tif,NCC Ent 2,Bicellonycha wickershamorum,F3,mechano,NA,206.244,73.457,54,yellow,,,,,,,,,,,
bicelloynchaM f3_xy.tif,NCC Ent 2,Bicellonycha wickershamorum,F3,mechano,NA,175.463,59.33,55,yellow,,,,,,,,,,,
bicelloynchaM f3_xy.tif,NCC Ent 2,Bicellonycha wickershamorum,F3,mechano,NA,203.121,66.914,56,yellow,,,,,,,,,,,
bicelloynchaM f3_xy.tif,NCC Ent 2,Bicellonycha wickershamorum,F3,mechano,NA,220.965,91.747,57,yellow,,,,,,,,,,,
bicelloynchaM f3_xy.tif,NCC Ent 2,Bicellonycha wickershamorum,F3,mechano,NA,246.541,107.509,58,yellow,,,,,,,,,,,
bicelloynchaM f3_xy.tif,NCC Ent 2,Bicellonycha wickershamorum,F3,mechano,NA,257.099,179.181,59,yellow,,,,,,,,,,,
bicelloynchaM f3_xy.tif,NCC Ent 2,Bicellonycha wickershamorum,F3,mechano,NA,262.898,196.876,60,yellow,,,,,,,,,,,
bicelloynchaM f3_xy.tif,NCC Ent 2,Bicellonycha wickershamorum,F3,mechano,NA,257.991,169.516,61,yellow,,,,,,,,,,,
bicelloynchaM f3_xy.tif,NCC Ent 2,Bicellonycha wickershamorum,F3,mechano,NA,266.913,142.75,62,yellow,,,,,,,,,,,
bicelloynchaM f3_xy.tif,NCC Ent 2,Bicellonycha wickershamorum,F3,mechano,NA,277.916,137.992,63,yellow,,,,,,,,,,,
bicelloynchaM f3_xy.tif,NCC Ent 2,Bicellonycha wickershamorum,F3,mechano,NA,268.846,117.025,64,yellow,,,,,,,,,,,
bicelloynchaM f3_xy.tif,NCC Ent 2,Bicellonycha wickershamorum,F3,mechano,NA,177.991,166.69,65,yellow,,,,,,,,,,,
bicelloynchaM f3_xy.tif,NCC Ent 2,Bicellonycha wickershamorum,F3,mechano,NA,57.843,91.152,66,yellow,,,,,,,,,,,
bicelloynchaM f3_xy.tif,NCC Ent 2,Bicellonycha wickershamorum,F3,mechano,NA,121.784,129.962,67,yellow,,,,,,,,,,,
bicelloynchaM f3_xy.tif,NCC Ent 2,Bicellonycha wickershamorum,F3,mechano,NA,148.698,139.33,68,yellow,,,,,,,,,,,
bicelloynchaM f3_xy.tif,NCC Ent 2,Bicellonycha wickershamorum,F3,olfactory,trichoid,154.794,77.472,1,pink,,,,,,,,,,,
bicelloynchaM f3_xy.tif,NCC Ent 2,Bicellonycha wickershamorum,F3,olfactory,trichoid,178.437,73.605,2,pink,,,,,,,,,,,
bicelloynchaM f3_xy.tif,NCC Ent 2,Bicellonycha wickershamorum,F3,olfactory,trichoid,154.2,88.624,3,pink,,,,,,,,,,,
bicelloynchaM f3_xy.tif,NCC Ent 2,Bicellonycha wickershamorum,F3,olfactory,NA,214.274,132.044,4,pink,,,,,,,,,,,
bicelloynchaM f3_xy.tif,NCC Ent 2,Bicellonycha wickershamorum,F3,olfactory,trichoid,248.623,145.427,5,pink,,,,,,,,,,,
bicelloynchaM f3_xy.tif,NCC Ent 2,Bicellonycha wickershamorum,F3,olfactory,trichoid,252.489,155.538,6,pink,,,,,,,,,,,
bicelloynchaM f3_xy.tif,NCC Ent 2,Bicellonycha wickershamorum,F3,olfactory,trichoid,252.935,142.453,7,pink,,,,,,,,,,,
bicelloynchaM f3_xy.tif,NCC Ent 2,Bicellonycha wickershamorum,F3,olfactory,trichoid,245.798,133.679,8,pink,,,,,,,,,,,
bicelloynchaM f3_xy.tif,NCC Ent 2,Bicellonycha wickershamorum,F3,olfactory,trichoid,237.024,126.096,9,pink,,,,,,,,,,,
bicelloynchaM f3_xy.tif,NCC Ent 2,Bicellonycha wickershamorum,F3,olfactory,trichoid,223.493,115.538,10,pink,,,,,,,,,,,
bicelloynchaM f3_xy.tif,NCC Ent 2,Bicellonycha wickershamorum,F3,olfactory,trichoid,218.586,107.955,11,pink,,,,,,,,,,,
bicelloynchaM f3_xy.tif,NCC Ent 2,Bicellonycha wickershamorum,F3,olfactory,trichoid,216.653,82.676,12,pink,,,,,,,,,,,
bicelloynchaM f3_xy.tif,NCC Ent 2,Bicellonycha wickershamorum,F3,olfactory,trichoid,242.972,98.289,13,pink,,,,,,,,,,,
bicelloynchaM f3_xy.tif,NCC Ent 2,Bicellonycha wickershamorum,F3,olfactory,trichoid,233.307,86.393,14,pink,,,,,,,,,,,
bicelloynchaM f3_xy.tif,NCC Ent 2,Bicellonycha wickershamorum,F3,olfactory,trichoid,258.586,118.363,15,pink,,,,,,,,,,,
bicelloynchaM f4_xy.tif,NCC Ent 2,Bicellonycha wickershamorum,F4,mechano,NA,8.143,47.714,1,yellow,,,,,,,,,,,
bicelloynchaM f4_xy.tif,NCC Ent 2,Bicellonycha wickershamorum,F4,mechano,NA,12.143,39.429,2,yellow,,,,,,,,,,,
bicelloynchaM f4_xy.tif,NCC Ent 2,Bicellonycha wickershamorum,F4,mechano,NA,10.857,35.286,3,yellow,,,,,,,,,,,
bicelloynchaM f4_xy.tif,NCC Ent 2,Bicellonycha wickershamorum,F4,mechano,NA,15.571,53.857,4,yellow,,,,,,,,,,,
bicelloynchaM f4_xy.tif,NCC Ent 2,Bicellonycha wickershamorum,F4,mechano,NA,12.857,61,5,yellow,,,,,,,,,,,
bicelloynchaM f4_xy.tif,NCC Ent 2,Bicellonycha wickershamorum,F4,mechano,NA,7,68.571,6,yellow,,,,,,,,,,,
bicelloynchaM f4_xy.tif,NCC Ent 2,Bicellonycha wickershamorum,F4,mechano,NA,4.143,79,7,yellow,,,,,,,,,,,
bicelloynchaM f4_xy.tif,NCC Ent 2,Bicellonycha wickershamorum,F4,mechano,NA,3.571,88.286,8,yellow,,,,,,,,,,,
bicelloynchaM f4_xy.tif,NCC Ent 2,Bicellonycha wickershamorum,F4,mechano,NA,42.857,47.571,9,yellow,,,,,,,,,,,
bicelloynchaM f4_xy.tif,NCC Ent 2,Bicellonycha wickershamorum,F4,mechano,NA,46.286,59.857,10,yellow,,,,,,,,,,,
bicelloynchaM f4_xy.tif,NCC Ent 2,Bicellonycha wickershamorum,F4,mechano,NA,59.143,52.143,11,yellow,,,,,,,,,,,
bicelloynchaM f4_xy.tif,NCC Ent 2,Bicellonycha wickershamorum,F4,mechano,NA,47.714,42.714,12,yellow,,,,,,,,,,,
bicelloynchaM f4_xy.tif,NCC Ent 2,Bicellonycha wickershamorum,F4,mechano,NA,80.571,37.143,13,yellow,,,,,,,,,,,
bicelloynchaM f4_xy.tif,NCC Ent 2,Bicellonycha wickershamorum,F4,mechano,NA,82.571,42.714,14,yellow,,,,,,,,,,,
bicelloynchaM f4_xy.tif,NCC Ent 2,Bicellonycha wickershamorum,F4,mechano,NA,77,48.143,15,yellow,,,,,,,,,,,
bicelloynchaM f4_xy.tif,NCC Ent 2,Bicellonycha wickershamorum,F4,mechano,NA,87.429,58.571,16,yellow,,,,,,,,,,,
bicelloynchaM f4_xy.tif,NCC Ent 2,Bicellonycha wickershamorum,F4,mechano,NA,38.857,70.714,17,yellow,,,,,,,,,,,
bicelloynchaM f4_xy.tif,NCC Ent 2,Bicellonycha wickershamorum,F4,mechano,NA,65.429,71,18,yellow,,,,,,,,,,,
bicelloynchaM f4_xy.tif,NCC Ent 2,Bicellonycha wickershamorum,F4,mechano,NA,86.571,68.286,19,yellow,,,,,,,,,,,
bicelloynchaM f4_xy.tif,NCC Ent 2,Bicellonycha wickershamorum,F4,mechano,NA,59.857,85.286,20,yellow,,,,,,,,,,,
bicelloynchaM f4_xy.tif,NCC Ent 2,Bicellonycha wickershamorum,F4,mechano,NA,30.857,79.857,21,yellow,,,,,,,,,,,
bicelloynchaM f4_xy.tif,NCC Ent 2,Bicellonycha wickershamorum,F4,mechano,NA,19.286,91.714,22,yellow,,,,,,,,,,,
bicelloynchaM f4_xy.tif,NCC Ent 2,Bicellonycha wickershamorum,F4,mechano,NA,43.143,92,23,yellow,,,,,,,,,,,
bicelloynchaM f4_xy.tif,NCC Ent 2,Bicellonycha wickershamorum,F4,mechano,NA,53.714,105,24,yellow,,,,,,,,,,,
bicelloynchaM f4_xy.tif,NCC Ent 2,Bicellonycha wickershamorum,F4,mechano,NA,52.571,40.714,25,yellow,,,,,,,,,,,
bicelloynchaM f4_xy.tif,NCC Ent 2,Bicellonycha wickershamorum,F4,mechano,NA,107.571,52.714,26,yellow,,,,,,,,,,,
bicelloynchaM f4_xy.tif,NCC Ent 2,Bicellonycha wickershamorum,F4,mechano,NA,115.429,47.571,27,yellow,,,,,,,,,,,
bicelloynchaM f4_xy.tif,NCC Ent 2,Bicellonycha wickershamorum,F4,mechano,NA,83,82.857,28,yellow,,,,,,,,,,,
bicelloynchaM f4_xy.tif,NCC Ent 2,Bicellonycha wickershamorum,F4,mechano,NA,72.286,99.143,29,yellow,,,,,,,,,,,
bicelloynchaM f4_xy.tif,NCC Ent 2,Bicellonycha wickershamorum,F4,mechano,NA,85,113.429,30,yellow,,,,,,,,,,,
bicelloynchaM f4_xy.tif,NCC Ent 2,Bicellonycha wickershamorum,F4,mechano,NA,105.714,115.286,31,yellow,,,,,,,,,,,
bicelloynchaM f4_xy.tif,NCC Ent 2,Bicellonycha wickershamorum,F4,mechano,NA,109.286,87,32,yellow,,,,,,,,,,,
bicelloynchaM f4_xy.tif,NCC Ent 2,Bicellonycha wickershamorum,F4,mechano,NA,125,73.714,33,yellow,,,,,,,,,,,
bicelloynchaM f4_xy.tif,NCC Ent 2,Bicellonycha wickershamorum,F4,mechano,NA,99,42.857,34,yellow,,,,,,,,,,,
bicelloynchaM f4_xy.tif,NCC Ent 2,Bicellonycha wickershamorum,F4,mechano,NA,129.714,60.429,35,yellow,,,,,,,,,,,
bicelloynchaM f4_xy.tif,NCC Ent 2,Bicellonycha wickershamorum,F4,mechano,NA,134.143,95.143,36,yellow,,,,,,,,,,,
bicelloynchaM f4_xy.tif,NCC Ent 2,Bicellonycha wickershamorum,F4,mechano,NA,130.571,108.429,37,yellow,,,,,,,,,,,
bicelloynchaM f4_xy.tif,NCC Ent 2,Bicellonycha wickershamorum,F4,mechano,NA,159.571,56.619,38,yellow,,,,,,,,,,,
bicelloynchaM f4_xy.tif,NCC Ent 2,Bicellonycha wickershamorum,F4,mechano,NA,152.714,69.762,39,yellow,,,,,,,,,,,
bicelloynchaM f4_xy.tif,NCC Ent 2,Bicellonycha wickershamorum,F4,mechano,NA,175,78.714,40,yellow,,,,,,,,,,,
bicelloynchaM f4_xy.tif,NCC Ent 2,Bicellonycha wickershamorum,F4,mechano,NA,164.143,91.286,41,yellow,,,,,,,,,,,
bicelloynchaM f4_xy.tif,NCC Ent 2,Bicellonycha wickershamorum,F4,mechano,NA,157.286,104.238,42,yellow,,,,,,,,,,,
bicelloynchaM f4_xy.tif,NCC Ent 2,Bicellonycha wickershamorum,F4,mechano,NA,140.714,122.333,43,yellow,,,,,,,,,,,
bicelloynchaM f4_xy.tif,NCC Ent 2,Bicellonycha wickershamorum,F4,mechano,NA,115.19,129.952,44,yellow,,,,,,,,,,,
bicelloynchaM f4_xy.tif,NCC Ent 2,Bicellonycha wickershamorum,F4,mechano,NA,155.571,145,45,yellow,,,,,,,,,,,
bicelloynchaM f4_xy.tif,NCC Ent 2,Bicellonycha wickershamorum,F4,mechano,NA,163.19,135.857,46,yellow,,,,,,,,,,,
bicelloynchaM f4_xy.tif,NCC Ent 2,Bicellonycha wickershamorum,F4,mechano,NA,171.381,120.238,47,yellow,,,,,,,,,,,
bicelloynchaM f4_xy.tif,NCC Ent 2,Bicellonycha wickershamorum,F4,mechano,NA,168.905,49.952,48,yellow,,,,,,,,,,,
bicelloynchaM f4_xy.tif,NCC Ent 2,Bicellonycha wickershamorum,F4,mechano,NA,189.476,54.714,49,yellow,,,,,,,,,,,
bicelloynchaM f4_xy.tif,NCC Ent 2,Bicellonycha wickershamorum,F4,mechano,NA,187.571,62.524,50,yellow,,,,,,,,,,,
bicelloynchaM f4_xy.tif,NCC Ent 2,Bicellonycha wickershamorum,F4,mechano,NA,201.286,72.048,51,yellow,,,,,,,,,,,
bicelloynchaM f4_xy.tif,NCC Ent 2,Bicellonycha wickershamorum,F4,mechano,NA,195.19,93.19,52,yellow,,,,,,,,,,,
bicelloynchaM f4_xy.tif,NCC Ent 2,Bicellonycha wickershamorum,F4,mechano,NA,190.048,102.714,53,yellow,,,,,,,,,,,
bicelloynchaM f4_xy.tif,NCC Ent 2,Bicellonycha wickershamorum,F4,mechano,NA,195.571,117.381,54,yellow,,,,,,,,,,,
bicelloynchaM f4_xy.tif,NCC Ent 2,Bicellonycha wickershamorum,F4,mechano,NA,193.476,139.952,55,yellow,,,,,,,,,,,
bicelloynchaM f4_xy.tif,NCC Ent 2,Bicellonycha wickershamorum,F4,mechano,NA,233.667,71.19,56,yellow,,,,,,,,,,,
bicelloynchaM f4_xy.tif,NCC Ent 2,Bicellonycha wickershamorum,F4,mechano,NA,230.81,78.81,57,yellow,,,,,,,,,,,
bicelloynchaM f4_xy.tif,NCC Ent 2,Bicellonycha wickershamorum,F4,mechano,NA,222.81,91.952,58,yellow,,,,,,,,,,,
bicelloynchaM f4_xy.tif,NCC Ent 2,Bicellonycha wickershamorum,F4,mechano,NA,220.905,120.429,59,yellow,,,,,,,,,,,
bicelloynchaM f4_xy.tif,NCC Ent 2,Bicellonycha wickershamorum,F4,mechano,NA,239.762,141.19,60,yellow,,,,,,,,,,,
bicelloynchaM f4_xy.tif,NCC Ent 2,Bicellonycha wickershamorum,F4,mechano,NA,247,101.762,61,yellow,,,,,,,,,,,
bicelloynchaM f4_xy.tif,NCC Ent 2,Bicellonycha wickershamorum,F4,mechano,NA,261.857,122.905,62,yellow,,,,,,,,,,,
bicelloynchaM f4_xy.tif,NCC Ent 2,Bicellonycha wickershamorum,F4,mechano,NA,258.619,137.19,63,yellow,,,,,,,,,,,
bicelloynchaM f4_xy.tif,NCC Ent 2,Bicellonycha wickershamorum,F4,mechano,NA,270.429,110.714,64,yellow,,,,,,,,,,,
bicelloynchaM f4_xy.tif,NCC Ent 2,Bicellonycha wickershamorum,F4,mechano,NA,265.095,101.571,65,yellow,,,,,,,,,,,
bicelloynchaM f4_xy.tif,NCC Ent 2,Bicellonycha wickershamorum,F4,mechano,NA,220.524,129.857,66,yellow,,,,,,,,,,,
bicelloynchaM f4_xy.tif,NCC Ent 2,Bicellonycha wickershamorum,F4,mechano,NA,258.048,153.857,67,yellow,,,,,,,,,,,
bicelloynchaM f4_xy.tif,NCC Ent 2,Bicellonycha wickershamorum,F4,mechano,NA,188.143,151.667,68,yellow,,,,,,,,,,,
bicelloynchaM f4_xy.tif,NCC Ent 2,Bicellonycha wickershamorum,F4,olfactory,NA,105.143,97.429,1,pink,,,,,,,,,,,
bicelloynchaM f4_xy.tif,NCC Ent 2,Bicellonycha wickershamorum,F4,olfactory,NA,119.571,100.714,2,pink,,,,,,,,,,,
bicelloynchaM f4_xy.tif,NCC Ent 2,Bicellonycha wickershamorum,F4,olfactory,trichoid,109.571,76.81,3,pink,,,,,,,,,,,
bicelloynchaM f4_xy.tif,NCC Ent 2,Bicellonycha wickershamorum,F4,olfactory,trichoid,118.905,64.81,4,pink,,,,,,,,,,,
bicelloynchaM f4_xy.tif,NCC Ent 2,Bicellonycha wickershamorum,F4,olfactory,trichoid,137.381,53.952,5,pink,,,,,,,,,,,
bicelloynchaM f4_xy.tif,NCC Ent 2,Bicellonycha wickershamorum,F4,olfactory,trichoid,147.476,136.048,6,pink,,,,,,,,,,,
bicelloynchaM f4_xy.tif,NCC Ent 2,Bicellonycha wickershamorum,F4,olfactory,trichoid,173.952,67.667,7,pink,,,,,,,,,,,
bicelloynchaM f4_xy.tif,NCC Ent 2,Bicellonycha wickershamorum,F4,olfactory,trichoid,180.619,73.952,8,pink,,,,,,,,,,,
bicelloynchaM f4_xy.tif,NCC Ent 2,Bicellonycha wickershamorum,F4,olfactory,trichoid,185.952,85.571,9,pink,,,,,,,,,,,
bicelloynchaM f4_xy.tif,NCC Ent 2,Bicellonycha wickershamorum,F4,olfactory,trichoid,197.571,79.095,10,pink,,,,,,,,,,,
bicelloynchaM f4_xy.tif,NCC Ent 2,Bicellonycha wickershamorum,F4,olfactory,trichoid,195.095,129.19,11,pink,,,,,,,,,,,
bicelloynchaM f4_xy.tif,NCC Ent 2,Bicellonycha wickershamorum,F4,olfactory,trichoid,215.571,67.476,12,pink,,,,,,,,,,,
bicelloynchaM f4_xy.tif,NCC Ent 2,Bicellonycha wickershamorum,F4,olfactory,trichoid,212.143,83.667,13,pink,,,,,,,,,,,
bicelloynchaM f4_xy.tif,NCC Ent 2,Bicellonycha wickershamorum,F4,olfactory,trichoid,215.381,100.048,14,pink,,,,,,,,,,,
bicelloynchaM f4_xy.tif,NCC Ent 2,Bicellonycha wickershamorum,F4,olfactory,trichoid,214.619,110.333,15,pink,,,,,,,,,,,
bicelloynchaM f4_xy.tif,NCC Ent 2,Bicellonycha wickershamorum,F4,olfactory,trichoid,217.095,137.952,16,pink,,,,,,,,,,,
bicelloynchaM f4_xy.tif,NCC Ent 2,Bicellonycha wickershamorum,F4,olfactory,trichoid,216.333,147.095,17,pink,,,,,,,,,,,
bicelloynchaM f4_xy.tif,NCC Ent 2,Bicellonycha wickershamorum,F4,olfactory,trichoid,243.19,128.619,18,pink,,,,,,,,,,,
bicelloynchaM f4_xy.tif,NCC Ent 2,Bicellonycha wickershamorum,F4,olfactory,trichoid,243.571,118.714,19,pink,,,,,,,,,,,
bicelloynchaM f4_xy.tif,NCC Ent 2,Bicellonycha wickershamorum,F4,olfactory,trichoid,242.81,109.762,20,pink,,,,,,,,,,,
bicelloynchaM f4_xy.tif,NCC Ent 2,Bicellonycha wickershamorum,F4,olfactory,trichoid,240.905,86.143,21,pink,,,,,,,,,,,
bicelloynchaM f4_xy.tif,NCC Ent 2,Bicellonycha wickershamorum,F4,olfactory,trichoid,249.095,85.571,22,pink,,,,,,,,,,,
bicelloynchaM f4_xy.tif,NCC Ent 2,Bicellonycha wickershamorum,F4,olfactory,trichoid,257.476,114.143,23,pink,,,,,,,,,,,
bicelloynchaM f4_xy.tif,NCC Ent 2,Bicellonycha wickershamorum,F4,olfactory,trichoid,258.619,110.143,24,pink,,,,,,,,,,,
bicelloynchaM f4_xy.tif,NCC Ent 2,Bicellonycha wickershamorum,F4,olfactory,trichoid,261.286,91.667,25,pink,,,,,,,,,,,
bicelloynchaM f4_xy.tif,NCC Ent 2,Bicellonycha wickershamorum,F4,olfactory,trichoid,270.429,128.429,26,pink,,,,,,,,,,,
bicelloynchaM f5_xy.tif,NCC Ent 2,Bicellonycha wickershamorum,F5,mechano,NA,12.308,116.702,1,yellow,,,,,,,,,,,
bicelloynchaM f5_xy.tif,NCC Ent 2,Bicellonycha wickershamorum,F5,mechano,NA,9.267,103.478,2,yellow,,,,,,,,,,,
bicelloynchaM f5_xy.tif,NCC Ent 2,Bicellonycha wickershamorum,F5,mechano,NA,28.754,104.211,3,yellow,,,,,,,,,,,
bicelloynchaM f5_xy.tif,NCC Ent 2,Bicellonycha wickershamorum,F5,mechano,NA,13.809,95.859,4,yellow,,,,,,,,,,,
bicelloynchaM f5_xy.tif,NCC Ent 2,Bicellonycha wickershamorum,F5,mechano,NA,6.63,88.973,5,yellow,,,,,,,,,,,
bicelloynchaM f5_xy.tif,NCC Ent 2,Bicellonycha wickershamorum,F5,mechano,NA,0.476,82.966,6,yellow,,,,,,,,,,,
bicelloynchaM f5_xy.tif,NCC Ent 2,Bicellonycha wickershamorum,F5,mechano,NA,20.696,68.461,7,yellow,,,,,,,,,,,
bicelloynchaM f5_xy.tif,NCC Ent 2,Bicellonycha wickershamorum,F5,mechano,NA,23.333,83.698,8,yellow,,,,,,,,,,,
bicelloynchaM f5_xy.tif,NCC Ent 2,Bicellonycha wickershamorum,F5,mechano,NA,35.787,70.658,9,yellow,,,,,,,,,,,
bicelloynchaM f5_xy.tif,NCC Ent 2,Bicellonycha wickershamorum,F5,mechano,NA,39.303,88.533,10,yellow,,,,,,,,,,,
bicelloynchaM f5_xy.tif,NCC Ent 2,Bicellonycha wickershamorum,F5,mechano,NA,39.596,57.618,11,yellow,,,,,,,,,,,
bicelloynchaM f5_xy.tif,NCC Ent 2,Bicellonycha wickershamorum,F5,mechano,NA,41.208,61.574,12,yellow,,,,,,,,,,,
bicelloynchaM f5_xy.tif,NCC Ent 2,Bicellonycha wickershamorum,F5,mechano,NA,51.318,72.416,13,yellow,,,,,,,,,,,
bicelloynchaM f5_xy.tif,NCC Ent 2,Bicellonycha wickershamorum,F5,mechano,NA,69.779,78.57,14,yellow,,,,,,,,,,,
bicelloynchaM f5_xy.tif,NCC Ent 2,Bicellonycha wickershamorum,F5,mechano,NA,59.523,92.856,15,yellow,,,,,,,,,,,
bicelloynchaM f5_xy.tif,NCC Ent 2,Bicellonycha wickershamorum,F5,mechano,NA,47.655,107.947,16,yellow,,,,,,,,,,,
bicelloynchaM f5_xy.tif,NCC Ent 2,Bicellonycha wickershamorum,F5,mechano,NA,5.604,131.976,17,yellow,,,,,,,,,,,
bicelloynchaM f5_xy.tif,NCC Ent 2,Bicellonycha wickershamorum,F5,mechano,NA,43.259,129.632,18,yellow,,,,,,,,,,,
bicelloynchaM f5_xy.tif,NCC Ent 2,Bicellonycha wickershamorum,F5,mechano,NA,84.431,65.164,19,yellow,,,,,,,,,,,
bicelloynchaM f5_xy.tif,NCC Ent 2,Bicellonycha wickershamorum,F5,mechano,NA,93.662,71.318,20,yellow,,,,,,,,,,,
bicelloynchaM f5_xy.tif,NCC Ent 2,Bicellonycha wickershamorum,F5,mechano,NA,91.903,83.479,21,yellow,,,,,,,,,,,
bicelloynchaM f5_xy.tif,NCC Ent 2,Bicellonycha wickershamorum,F5,mechano,NA,72.71,107.214,22,yellow,,,,,,,,,,,
bicelloynchaM f5_xy.tif,NCC Ent 2,Bicellonycha wickershamorum,F5,mechano,NA,87.361,117.178,23,yellow,,,,,,,,,,,
bicelloynchaM f5_xy.tif,NCC Ent 2,Bicellonycha wickershamorum,F5,mechano,NA,68.021,135.859,24,yellow,,,,,,,,,,,
bicelloynchaM f5_xy.tif,NCC Ent 2,Bicellonycha wickershamorum,F5,mechano,NA,96.738,130.291,25,yellow,,,,,,,,,,,
bicelloynchaM f5_xy.tif,NCC Ent 2,Bicellonycha wickershamorum,F5,mechano,NA,114.614,119.669,26,yellow,,,,,,,,,,,
bicelloynchaM f5_xy.tif,NCC Ent 2,Bicellonycha wickershamorum,F5,mechano,NA,103.771,102.819,27,yellow,,,,,,,,,,,
bicelloynchaM f5_xy.tif,NCC Ent 2,Bicellonycha wickershamorum,F5,mechano,NA,96.885,39.743,28,yellow,,,,,,,,,,,
bicelloynchaM f5_xy.tif,NCC Ent 2,Bicellonycha wickershamorum,F5,mechano,NA,103.332,49.267,29,yellow,,,,,,,,,,,
bicelloynchaM f5_xy.tif,NCC Ent 2,Bicellonycha wickershamorum,F5,mechano,NA,120.181,55.127,30,yellow,,,,,,,,,,,
bicelloynchaM f5_xy.tif,NCC Ent 2,Bicellonycha wickershamorum,F5,mechano,NA,88.826,39.157,31,yellow,,,,,,,,,,,
bicelloynchaM f5_xy.tif,NCC Ent 2,Bicellonycha wickershamorum,F5,mechano,NA,116.079,33.443,32,yellow,,,,,,,,,,,
bicelloynchaM f5_xy.tif,NCC Ent 2,Bicellonycha wickershamorum,F5,mechano,NA,140.84,67.288,33,yellow,,,,,,,,,,,
bicelloynchaM f5_xy.tif,NCC Ent 2,Bicellonycha wickershamorum,F5,mechano,NA,117.251,70.072,34,yellow,,,,,,,,,,,
bicelloynchaM f5_xy.tif,NCC Ent 2,Bicellonycha wickershamorum,F5,mechano,NA,123.551,85.31,35,yellow,,,,,,,,,,,
bicelloynchaM f5_xy.tif,NCC Ent 2,Bicellonycha wickershamorum,F5,mechano,NA,126.921,106.848,36,yellow,,,,,,,,,,,
bicelloynchaM f5_xy.tif,NCC Ent 2,Bicellonycha wickershamorum,F5,mechano,NA,125.016,129.558,37,yellow,,,,,,,,,,,
bicelloynchaM f5_xy.tif,NCC Ent 2,Bicellonycha wickershamorum,F5,mechano,NA,138.862,120.621,38,yellow,,,,,,,,,,,
bicelloynchaM f5_xy.tif,NCC Ent 2,Bicellonycha wickershamorum,F5,mechano,NA,155.272,108.313,39,yellow,,,,,,,,,,,
bicelloynchaM f5_xy.tif,NCC Ent 2,Bicellonycha wickershamorum,F5,mechano,NA,147.214,96.592,40,yellow,,,,,,,,,,,
bicelloynchaM f5_xy.tif,NCC Ent 2,Bicellonycha wickershamorum,F5,mechano,NA,149.998,81.501,41,yellow,,,,,,,,,,,
bicelloynchaM f5_xy.tif,NCC Ent 2,Bicellonycha wickershamorum,F5,mechano,NA,149.558,40.622,42,yellow,,,,,,,,,,,
bicelloynchaM f5_xy.tif,NCC Ent 2,Bicellonycha wickershamorum,F5,mechano,NA,139.595,29.34,43,yellow,,,,,,,,,,,
bicelloynchaM f5_xy.tif,NCC Ent 2,Bicellonycha wickershamorum,F5,mechano,NA,173.88,20.549,44,yellow,,,,,,,,,,,
bicelloynchaM f5_xy.tif,NCC Ent 2,Bicellonycha wickershamorum,F5,mechano,NA,179.887,92.709,45,yellow,,,,,,,,,,,
bicelloynchaM f5_xy.tif,NCC Ent 2,Bicellonycha wickershamorum,F5,mechano,NA,176.224,114.907,46,yellow,,,,,,,,,,,
bicelloynchaM f5_xy.tif,NCC Ent 2,Bicellonycha wickershamorum,F5,mechano,NA,185.309,120.181,47,yellow,,,,,,,,,,,
bicelloynchaM f5_xy.tif,NCC Ent 2,Bicellonycha wickershamorum,F5,mechano,NA,204.063,110.951,48,yellow,,,,,,,,,,,
bicelloynchaM f5_xy.tif,NCC Ent 2,Bicellonycha wickershamorum,F5,mechano,NA,203.916,93.662,49,yellow,,,,,,,,,,,
bicelloynchaM f5_xy.tif,NCC Ent 2,Bicellonycha wickershamorum,F5,mechano,NA,206.554,71.244,50,yellow,,,,,,,,,,,
bicelloynchaM f5_xy.tif,NCC Ent 2,Bicellonycha wickershamorum,F5,mechano,NA,199.228,62.16,51,yellow,,,,,,,,,,,
bicelloynchaM f5_xy.tif,NCC Ent 2,Bicellonycha wickershamorum,F5,mechano,NA,191.316,54.981,52,yellow,,,,,,,,,,,
bicelloynchaM f5_xy.tif,NCC Ent 2,Bicellonycha wickershamorum,F5,mechano,NA,207.14,37.106,53,yellow,,,,,,,,,,,
bicelloynchaM f5_xy.tif,NCC Ent 2,Bicellonycha wickershamorum,F5,mechano,NA,171.536,44.871,54,yellow,,,,,,,,,,,
bicelloynchaM f5_xy.tif,NCC Ent 2,Bicellonycha wickershamorum,F5,mechano,NA,195.565,29.194,55,yellow,,,,,,,,,,,
bicelloynchaM f5_xy.tif,NCC Ent 2,Bicellonycha wickershamorum,F5,mechano,NA,218.275,53.589,56,yellow,,,,,,,,,,,
bicelloynchaM f5_xy.tif,NCC Ent 2,Bicellonycha wickershamorum,F5,mechano,NA,166.994,127.58,57,yellow,,,,,,,,,,,
bicelloynchaM f5_xy.tif,NCC Ent 2,Bicellonycha wickershamorum,F5,mechano,NA,176.664,128.02,58,yellow,,,,,,,,,,,
bicelloynchaM f5_xy.tif,NCC Ent 2,Bicellonycha wickershamorum,F5,olfactory,trichoid,141.426,23.296,1,pink,,,,,,,,,,,
bicelloynchaM f5_xy.tif,NCC Ent 2,Bicellonycha wickershamorum,F5,olfactory,trichoid,157.69,27.252,2,pink,,,,,,,,,,,
bicelloynchaM f5_xy.tif,NCC Ent 2,Bicellonycha wickershamorum,F5,olfactory,trichoid,178.459,23.736,3,pink,,,,,,,,,,,
bicelloynchaM f5_xy.tif,NCC Ent 2,Bicellonycha wickershamorum,F5,olfactory,trichoid,175.712,35.714,4,pink,,,,,,,,,,,
bicelloynchaM f5_xy.tif,NCC Ent 2,Bicellonycha wickershamorum,F5,olfactory,trichoid,154.283,48.351,5,pink,,,,,,,,,,,
bicelloynchaM f5_xy.tif,NCC Ent 2,Bicellonycha wickershamorum,F5,olfactory,trichoid,160.327,54.505,6,pink,,,,,,,,,,,
bicelloynchaM f5_xy.tif,NCC Ent 2,Bicellonycha wickershamorum,F5,olfactory,trichoid,169.888,59.34,7,pink,,,,,,,,,,,
bicelloynchaM f5_xy.tif,NCC Ent 2,Bicellonycha wickershamorum,F5,olfactory,trichoid,179.008,50.219,8,pink,,,,,,,,,,,
bicelloynchaM f5_xy.tif,NCC Ent 2,Bicellonycha wickershamorum,F5,olfactory,trichoid,196.151,44.834,9,pink,,,,,,,,,,,
bicelloynchaM f5_xy.tif,NCC Ent 2,Bicellonycha wickershamorum,F5,olfactory,trichoid,190.656,25.055,10,pink,,,,,,,,,,,
bicelloynchaM f5_xy.tif,NCC Ent 2,Bicellonycha wickershamorum,F5,olfactory,trichoid,179.338,64.834,11,pink,,,,,,,,,,,
bicelloynchaM f5_xy.tif,NCC Ent 2,Bicellonycha wickershamorum,F5,olfactory,trichoid,163.624,69.889,12,pink,,,,,,,,,,,
bicelloynchaM f5_xy.tif,NCC Ent 2,Bicellonycha wickershamorum,F5,olfactory,trichoid,180.107,73.735,13,pink,,,,,,,,,,,
bicelloynchaM f5_xy.tif,NCC Ent 2,Bicellonycha wickershamorum,F5,olfactory,trichoid,188.239,80.109,14,pink,,,,,,,,,,,
bicelloynchaM f5_xy.tif,NCC Ent 2,Bicellonycha wickershamorum,F5,olfactory,trichoid,202.854,81.098,15,pink,,,,,,,,,,,
bicelloynchaM f5_xy.tif,NCC Ent 2,Bicellonycha wickershamorum,F5,olfactory,trichoid,218.898,68.68,16,pink,,,,,,,,,,,
bicelloynchaM f5_xy.tif,NCC Ent 2,Bicellonycha wickershamorum,F5,olfactory,trichoid,213.403,80.878,17,pink,,,,,,,,,,,
bicelloynchaM f5_xy.tif,NCC Ent 2,Bicellonycha wickershamorum,F5,olfactory,trichoid,212.854,95.273,18,pink,,,,,,,,,,,
bicelloynchaM f5_xy.tif,NCC Ent 2,Bicellonycha wickershamorum,F5,olfactory,trichoid,212.634,117.8,19,pink,,,,,,,,,,,
bicelloynchaM f5_xy.tif,NCC Ent 2,Bicellonycha wickershamorum,F5,olfactory,trichoid,193.623,100.108,20,pink,,,,,,,,,,,
bicelloynchaM f5_xy.tif,NCC Ent 2,Bicellonycha wickershamorum,F5,olfactory,trichoid,183.184,105.053,21,pink,,,,,,,,,,,
bicelloynchaM f5_xy.tif,NCC Ent 2,Bicellonycha wickershamorum,F5,olfactory,trichoid,164.833,116.042,22,pink,,,,,,,,,,,
bicelloynchaM f5_xy.tif,NCC Ent 2,Bicellonycha wickershamorum,F5,olfactory,trichoid,167.69,82.087,23,pink,,,,,,,,,,,
bicelloynchaM f6_xy.tif,NCC Ent 2,Bicellonycha wickershamorum,F6,mechano,NA,43.034,165.379,1,yellow,,,,,,,,,,,
bicelloynchaM f6_xy.tif,NCC Ent 2,Bicellonycha wickershamorum,F6,mechano,NA,50.207,164,2,yellow,,,,,,,,,,,
bicelloynchaM f6_xy.tif,NCC Ent 2,Bicellonycha wickershamorum,F6,mechano,NA,44.414,180.69,3,yellow,,,,,,,,,,,
bicelloynchaM f6_xy.tif,NCC Ent 2,Bicellonycha wickershamorum,F6,mechano,NA,67.172,163.31,4,yellow,,,,,,,,,,,
bicelloynchaM f6_xy.tif,NCC Ent 2,Bicellonycha wickershamorum,F6,mechano,NA,78.897,166.897,5,yellow,,,,,,,,,,,
bicelloynchaM f6_xy.tif,NCC Ent 2,Bicellonycha wickershamorum,F6,mechano,NA,93.517,172.414,6,yellow,,,,,,,,,,,
bicelloynchaM f6_xy.tif,NCC Ent 2,Bicellonycha wickershamorum,F6,mechano,NA,107.586,175.724,7,yellow,,,,,,,,,,,
bicelloynchaM f6_xy.tif,NCC Ent 2,Bicellonycha wickershamorum,F6,mechano,NA,51.448,146.621,8,yellow,,,,,,,,,,,
bicelloynchaM f6_xy.tif,NCC Ent 2,Bicellonycha wickershamorum,F6,mechano,NA,48.966,142.759,9,yellow,,,,,,,,,,,
bicelloynchaM f6_xy.tif,NCC Ent 2,Bicellonycha wickershamorum,F6,mechano,NA,62.345,137.931,10,yellow,,,,,,,,,,,
bicelloynchaM f6_xy.tif,NCC Ent 2,Bicellonycha wickershamorum,F6,mechano,NA,64.828,153.241,11,yellow,,,,,,,,,,,
bicelloynchaM f6_xy.tif,NCC Ent 2,Bicellonycha wickershamorum,F6,mechano,NA,111.31,161.931,12,yellow,,,,,,,,,,,
bicelloynchaM f6_xy.tif,NCC Ent 2,Bicellonycha wickershamorum,F6,mechano,NA,125.103,176.414,13,yellow,,,,,,,,,,,
bicelloynchaM f6_xy.tif,NCC Ent 2,Bicellonycha wickershamorum,F6,mechano,NA,128.414,168.69,14,yellow,,,,,,,,,,,
bicelloynchaM f6_xy.tif,NCC Ent 2,Bicellonycha wickershamorum,F6,mechano,NA,119.034,145.931,15,yellow,,,,,,,,,,,
bicelloynchaM f6_xy.tif,NCC Ent 2,Bicellonycha wickershamorum,F6,mechano,NA,87.31,140.828,16,yellow,,,,,,,,,,,
bicelloynchaM f6_xy.tif,NCC Ent 2,Bicellonycha wickershamorum,F6,mechano,NA,79.172,129.655,17,yellow,,,,,,,,,,,
bicelloynchaM f6_xy.tif,NCC Ent 2,Bicellonycha wickershamorum,F6,mechano,NA,61.793,123.862,18,yellow,,,,,,,,,,,
bicelloynchaM f6_xy.tif,NCC Ent 2,Bicellonycha wickershamorum,F6,mechano,NA,73.655,103.586,19,yellow,,,,,,,,,,,
bicelloynchaM f6_xy.tif,NCC Ent 2,Bicellonycha wickershamorum,F6,mechano,NA,84.828,103.448,20,yellow,,,,,,,,,,,
bicelloynchaM f6_xy.tif,NCC Ent 2,Bicellonycha wickershamorum,F6,mechano,NA,93.241,106.483,21,yellow,,,,,,,,,,,
bicelloynchaM f6_xy.tif,NCC Ent 2,Bicellonycha wickershamorum,F6,mechano,NA,100.828,118.483,22,yellow,,,,,,,,,,,
bicelloynchaM f6_xy.tif,NCC Ent 2,Bicellonycha wickershamorum,F6,mechano,NA,85.931,91.586,23,yellow,,,,,,,,,,,
bicelloynchaM f6_xy.tif,NCC Ent 2,Bicellonycha wickershamorum,F6,mechano,NA,100.276,86.069,24,yellow,,,,,,,,,,,
bicelloynchaM f6_xy.tif,NCC Ent 2,Bicellonycha wickershamorum,F6,mechano,NA,111.586,87.034,25,yellow,,,,,,,,,,,
bicelloynchaM f6_xy.tif,NCC Ent 2,Bicellonycha wickershamorum,F6,mechano,NA,108,102.897,26,yellow,,,,,,,,,,,
bicelloynchaM f6_xy.tif,NCC Ent 2,Bicellonycha wickershamorum,F6,mechano,NA,151.724,156.414,27,yellow,,,,,,,,,,,
bicelloynchaM f6_xy.tif,NCC Ent 2,Bicellonycha wickershamorum,F6,mechano,NA,158.621,145.103,28,yellow,,,,,,,,,,,
bicelloynchaM f6_xy.tif,NCC Ent 2,Bicellonycha wickershamorum,F6,mechano,NA,171.586,131.034,29,yellow,,,,,,,,,,,
bicelloynchaM f6_xy.tif,NCC Ent 2,Bicellonycha wickershamorum,F6,mechano,NA,137.379,103.724,30,yellow,,,,,,,,,,,
bicelloynchaM f6_xy.tif,NCC Ent 2,Bicellonycha wickershamorum,F6,mechano,NA,126.621,92.276,31,yellow,,,,,,,,,,,
bicelloynchaM f6_xy.tif,NCC Ent 2,Bicellonycha wickershamorum,F6,mechano,NA,137.241,45.931,32,yellow,,,,,,,,,,,
bicelloynchaM f6_xy.tif,NCC Ent 2,Bicellonycha wickershamorum,F6,mechano,NA,140.69,62.069,33,yellow,,,,,,,,,,,
bicelloynchaM f6_xy.tif,NCC Ent 2,Bicellonycha wickershamorum,F6,mechano,NA,190.207,122.621,34,yellow,,,,,,,,,,,
bicelloynchaM f6_xy.tif,NCC Ent 2,Bicellonycha wickershamorum,F6,mechano,NA,203.034,104.966,35,yellow,,,,,,,,,,,
bicelloynchaM f6_xy.tif,NCC Ent 2,Bicellonycha wickershamorum,F6,mechano,NA,148.552,73.103,36,yellow,,,,,,,,,,,
bicelloynchaM f6_xy.tif,NCC Ent 2,Bicellonycha wickershamorum,F6,mechano,NA,183.034,71.862,37,yellow,,,,,,,,,,,
bicelloynchaM f6_xy.tif,NCC Ent 2,Bicellonycha wickershamorum,F6,mechano,NA,170.621,65.103,38,yellow,,,,,,,,,,,
bicelloynchaM f6_xy.tif,NCC Ent 2,Bicellonycha wickershamorum,F6,mechano,NA,177.517,49.379,39,yellow,,,,,,,,,,,
bicelloynchaM f6_xy.tif,NCC Ent 2,Bicellonycha wickershamorum,F6,mechano,NA,164.276,17.517,40,yellow,,,,,,,,,,,
bicelloynchaM f6_xy.tif,NCC Ent 2,Bicellonycha wickershamorum,F6,mechano,NA,168.782,103.586,41,yellow,,,,,,,,,,,
bicelloynchaM f6_xy.tif,NCC Ent 2,Bicellonycha wickershamorum,F6,mechano,NA,161.609,91.816,42,yellow,,,,,,,,,,,
bicelloynchaM f6_xy.tif,NCC Ent 2,Bicellonycha wickershamorum,F6,mechano,NA,199.31,94.759,43,yellow,,,,,,,,,,,
bicelloynchaM f6_xy.tif,NCC Ent 2,Bicellonycha wickershamorum,F6,mechano,NA,231.126,73.609,44,yellow,,,,,,,,,,,
bicelloynchaM f6_xy.tif,NCC Ent 2,Bicellonycha wickershamorum,F6,mechano,NA,230.575,35.172,45,yellow,,,,,,,,,,,
bicelloynchaM f6_xy.tif,NCC Ent 2,Bicellonycha wickershamorum,F6,mechano,NA,207.402,18.621,46,yellow,,,,,,,,,,,
bicelloynchaM f6_xy.tif,NCC Ent 2,Bicellonycha wickershamorum,F6,mechano,NA,194.713,10.897,47,yellow,,,,,,,,,,,
bicelloynchaM f6_xy.tif,NCC Ent 2,Bicellonycha wickershamorum,F6,mechano,NA,178.713,22.299,48,yellow,,,,,,,,,,,
bicelloynchaM f6_xy.tif,NCC Ent 2,Bicellonycha wickershamorum,F6,mechano,NA,144.138,26.529,49,yellow,,,,,,,,,,,
bicelloynchaM f6_xy.tif,NCC Ent 2,Bicellonycha wickershamorum,F6,mechano,NA,150.207,123.448,50,yellow,,,,,,,,,,,
bicelloynchaM f6_xy.tif,NCC Ent 2,Bicellonycha wickershamorum,F6,mechano,NA,154.805,133.011,51,yellow,,,,,,,,,,,
bicelloynchaM f6_xy.tif,NCC Ent 2,Bicellonycha wickershamorum,F6,mechano,NA,105.103,143.172,52,yellow,,,,,,,,,,,
bicelloynchaM f6_xy.tif,NCC Ent 2,Bicellonycha wickershamorum,F6,mechano,NA,172.828,111.586,53,yellow,,,,,,,,,,,
bicelloynchaM f6_xy.tif,NCC Ent 2,Bicellonycha wickershamorum,F6,mechano,NA,181.103,115.724,54,yellow,,,,,,,,,,,
bicelloynchaM f6_xy.tif,NCC Ent 2,Bicellonycha wickershamorum,F6,olfactory,trichoid,100.138,77.793,1,pink,,,,,,,,,,,
bicelloynchaM f6_xy.tif,NCC Ent 2,Bicellonycha wickershamorum,F6,olfactory,trichoid,123.586,105.793,2,pink,,,,,,,,,,,
bicelloynchaM f6_xy.tif,NCC Ent 2,Bicellonycha wickershamorum,F6,olfactory,trichoid,116,121.241,3,pink,,,,,,,,,,,
bicelloynchaM f6_xy.tif,NCC Ent 2,Bicellonycha wickershamorum,F6,olfactory,trichoid,132.828,43.862,4,pink,,,,,,,,,,,
bicelloynchaM f6_xy.tif,NCC Ent 2,Bicellonycha wickershamorum,F6,olfactory,trichoid,142.345,138.069,5,pink,,,,,,,,,,,
bicelloynchaM f6_xy.tif,NCC Ent 2,Bicellonycha wickershamorum,F6,olfactory,trichoid,154.621,103.862,6,pink,,,,,,,,,,,
bicelloynchaM f6_xy.tif,NCC Ent 2,Bicellonycha wickershamorum,F6,olfactory,trichoid,136.138,32.414,7,pink,,,,,,,,,,,
bicelloynchaM f6_xy.tif,NCC Ent 2,Bicellonycha wickershamorum,F6,olfactory,trichoid,131.724,33.241,8,pink,,,,,,,,,,,
bicelloynchaM f6_xy.tif,NCC Ent 2,Bicellonycha wickershamorum,F6,olfactory,trichoid,189.379,91.724,9,pink,,,,,,,,,,,
bicelloynchaM f6_xy.tif,NCC Ent 2,Bicellonycha wickershamorum,F6,olfactory,trichoid,181.793,84.552,10,pink,,,,,,,,,,,
bicelloynchaM f6_xy.tif,NCC Ent 2,Bicellonycha wickershamorum,F6,olfactory,trichoid,148.276,84.552,11,pink,,,,,,,,,,,
bicelloynchaM f6_xy.tif,NCC Ent 2,Bicellonycha wickershamorum,F6,olfactory,trichoid,168.69,76.828,12,pink,,,,,,,,,,,
bicelloynchaM f6_xy.tif,NCC Ent 2,Bicellonycha wickershamorum,F6,olfactory,trichoid,160.828,61.103,13,pink,,,,,,,,,,,
bicelloynchaM f6_xy.tif,NCC Ent 2,Bicellonycha wickershamorum,F6,olfactory,trichoid,160.138,49.793,14,pink,,,,,,,,,,,
bicelloynchaM f6_xy.tif,NCC Ent 2,Bicellonycha wickershamorum,F6,olfactory,trichoid,172.138,19.31,15,pink,,,,,,,,,,,
bicelloynchaM f6_xy.tif,NCC Ent 2,Bicellonycha wickershamorum,F6,olfactory,trichoid,200.276,56.828,16,pink,,,,,,,,,,,
bicelloynchaM f6_xy.tif,NCC Ent 2,Bicellonycha wickershamorum,F6,olfactory,trichoid,214.897,59.448,17,pink,,,,,,,,,,,
bicelloynchaM f6_xy.tif,NCC Ent 2,Bicellonycha wickershamorum,F6,olfactory,trichoid,202.897,83.724,18,pink,,,,,,,,,,,
bicelloynchaM f6_xy.tif,NCC Ent 2,Bicellonycha wickershamorum,F6,olfactory,trichoid,192.276,51.724,19,pink,,,,,,,,,,,
bicelloynchaM f6_xy.tif,NCC Ent 2,Bicellonycha wickershamorum,F6,olfactory,trichoid,202.207,45.931,20,pink,,,,,,,,,,,
bicelloynchaM f6_xy.tif,NCC Ent 2,Bicellonycha wickershamorum,F6,olfactory,trichoid,217.931,48.828,21,pink,,,,,,,,,,,
bicelloynchaM f6_xy.tif,NCC Ent 2,Bicellonycha wickershamorum,F6,olfactory,trichoid,209.655,32.138,22,pink,,,,,,,,,,,
bicelloynchaM f6_xy.tif,NCC Ent 2,Bicellonycha wickershamorum,F6,olfactory,trichoid,182.207,27.172,23,pink,,,,,,,,,,,
bicelloynchaM f6_xy.tif,NCC Ent 2,Bicellonycha wickershamorum,F6,olfactory,trichoid,194.759,26.207,24,pink,,,,,,,,,,,
bicelloynchaM f6_xy.tif,NCC Ent 2,Bicellonycha wickershamorum,F6,hygro-thermo,NA,91.862,159.724,1,cyan,,,,,,,,,,,
bicelloynchaM f6_xy.tif,NCC Ent 2,Bicellonycha wickershamorum,F6,hygro-thermo,NA,130.345,75.448,2,cyan,,,,,,,,,,,
bicelloynchaM f6_xy.tif,NCC Ent 2,Bicellonycha wickershamorum,F6,hygro-thermo,NA,175.862,36.552,3,cyan,,,,,,,,,,,
bicelloynchaM f6_xy.tif,NCC Ent 2,Bicellonycha wickershamorum,F6,hygro-thermo,NA,197.103,38.207,4,cyan,,,,,,,,,,,
