Photo,Specimen,Species,Location,Sensillum_type,Olfactory_type,x,y,Number,Comments
M_angustus_f1_xy.tif,NCC Ent 11,Microphotus angustus,F1,mechano,NA,72,72,1,yellow
M_angustus_f1_xy.tif,NCC Ent 11,Microphotus angustus,F1,mechano,NA,63,63,2,yellow
M_angustus_f1_xy.tif,NCC Ent 11,Microphotus angustus,F1,mechano,NA,126,126,3,yellow
M_angustus_f1_xy.tif,NCC Ent 11,Microphotus angustus,F1,mechano,NA,86,86,4,yellow
M_angustus_f1_xy.tif,NCC Ent 11,Microphotus angustus,F1,mechano,NA,89,89,5,yellow
M_angustus_f1_xy.tif,NCC Ent 11,Microphotus angustus,F1,mechano,NA,87,87,6,yellow
M_angustus_f1_xy.tif,NCC Ent 11,Microphotus angustus,F1,mechano,NA,97,97,7,yellow
M_angustus_f1_xy.tif,NCC Ent 11,Microphotus angustus,F1,mechano,NA,57,57,8,yellow
M_angustus_f1_xy.tif,NCC Ent 11,Microphotus angustus,F1,mechano,NA,60,60,9,yellow
M_angustus_f1_xy.tif,NCC Ent 11,Microphotus angustus,F1,mechano,NA,60,60,10,yellow
M_angustus_f1_xy.tif,NCC Ent 11,Microphotus angustus,F1,mechano,NA,55,55,11,yellow
M_angustus_f1_xy.tif,NCC Ent 11,Microphotus angustus,F1,mechano,NA,59,59,12,yellow
M_angustus_f1_xy.tif,NCC Ent 11,Microphotus angustus,F1,mechano,NA,58,58,13,yellow
M_angustus_f1_xy.tif,NCC Ent 11,Microphotus angustus,F1,mechano,NA,104,104,14,yellow
M_angustus_f1_xy.tif,NCC Ent 11,Microphotus angustus,F1,mechano,NA,91,91,15,yellow
M_angustus_f1_xy.tif,NCC Ent 11,Microphotus angustus,F1,mechano,NA,91,91,16,yellow
M_angustus_f1_xy.tif,NCC Ent 11,Microphotus angustus,F1,olfactory,trichoid,112.072,58.787,1,pink
M_angustus_f1_xy.tif,NCC Ent 11,Microphotus angustus,F1,olfactory,trichoid,123.511,55.747,2,pink
M_angustus_f1_xy.tif,NCC Ent 11,Microphotus angustus,F1,olfactory,trichoid,112.651,74.715,3,pink
M_angustus_f1_xy.tif,NCC Ent 11,Microphotus angustus,F1,olfactory,trichoid,126.262,70.661,4,pink
M_angustus_f1_xy.tif,NCC Ent 11,Microphotus angustus,F1,olfactory,trichoid,157.828,75.004,5,pink
M_angustus_f1_xy.tif,NCC Ent 11,Microphotus angustus,F1,olfactory,trichoid,157.394,88.326,6,pink
M_angustus_f1_xy.tif,NCC Ent 11,Microphotus angustus,F1,olfactory,trichoid,138.136,94.769,7,pink
M_angustus_f1_xy.tif,NCC Ent 11,Microphotus angustus,F1,olfactory,trichoid,119.312,88.615,8,pink
M_angustus_f1_xy.tif,NCC Ent 11,Microphotus angustus,F1,olfactory,trichoid,107.294,93.249,9,pink
M_angustus_f1_xy.tif,NCC Ent 11,Microphotus angustus,F1,olfactory,trichoid,173.755,125.394,10,pink
M_angustus_f1_xy.tif,NCC Ent 11,Microphotus angustus,F1,olfactory,trichoid,166.371,102.443,11,pink
M_angustus_f1_xy.tif,NCC Ent 11,Microphotus angustus,F1,olfactory,trichoid,163.765,113.665,12,pink
M_angustus_f1_xy.tif,NCC Ent 11,Microphotus angustus,F1,olfactory,trichoid,149.285,111.493,13,pink
M_angustus_f1_xy.tif,NCC Ent 11,Microphotus angustus,F1,olfactory,trichoid,148.416,123.656,14,pink
M_angustus_f1_xy.tif,NCC Ent 11,Microphotus angustus,F1,olfactory,trichoid,133.647,109.683,15,pink
M_angustus_f1_xy.tif,NCC Ent 11,Microphotus angustus,F1,olfactory,trichoid,214.878,117.14,16,pink
M_angustus_f1_xy.tif,NCC Ent 11,Microphotus angustus,F1,olfactory,trichoid,186.208,114.317,17,pink
M_angustus_f1_xy.tif,NCC Ent 11,Microphotus angustus,F1,olfactory,trichoid,123.185,109.828,18,pink
M_angustus_f1_xy.tif,NCC Ent 11,Microphotus angustus,F1,olfactory,trichoid,185.677,143.879,19,pink
M_angustus_f1_xy.tif,NCC Ent 11,Microphotus angustus,F1,olfactory,trichoid,200.157,147.934,20,pink
M_angustus_f1_xy.tif,NCC Ent 11,Microphotus angustus,F1,olfactory,trichoid,198.902,159.421,21,pink
M_angustus_f1_xy.tif,NCC Ent 11,Microphotus angustus,F1,olfactory,trichoid,176.796,151.216,22,pink
M_angustus_f1_xy.tif,NCC Ent 11,Microphotus angustus,F1,olfactory,trichoid,229.212,166.66,23,pink
M_angustus_f1_xy.tif,NCC Ent 11,Microphotus angustus,F1,olfactory,trichoid,232.881,179.209,24,pink
M_angustus_f1_xy.tif,NCC Ent 11,Microphotus angustus,F1,olfactory,trichoid,229.647,155.656,25,pink
M_angustus_f1_xy.tif,NCC Ent 11,Microphotus angustus,F1,olfactory,trichoid,160.241,135.578,26,pink
M_angustus_f1_xy.tif,NCC Ent 11,Microphotus angustus,F1,olfactory,trichoid,58.932,46.914,27,pink
M_angustus_f1_xy.tif,NCC Ent 11,Microphotus angustus,F1,olfactory,basiconica,210.823,126.552,28,pink
M_angustus_f2_xy.tif,NCC Ent 11,Microphotus angustus,F2,mechano,NA,63,159.132,1,yellow
M_angustus_f2_xy.tif,NCC Ent 11,Microphotus angustus,F2,mechano,NA,61,151.271,2,yellow
M_angustus_f2_xy.tif,NCC Ent 11,Microphotus angustus,F2,mechano,NA,57,131.345,3,yellow
M_angustus_f2_xy.tif,NCC Ent 11,Microphotus angustus,F2,mechano,NA,56,124.107,4,yellow
M_angustus_f2_xy.tif,NCC Ent 11,Microphotus angustus,F2,mechano,NA,63,140.915,5,yellow
M_angustus_f2_xy.tif,NCC Ent 11,Microphotus angustus,F2,mechano,NA,67,126.195,6,yellow
M_angustus_f2_xy.tif,NCC Ent 11,Microphotus angustus,F2,mechano,NA,55,133.744,7,yellow
M_angustus_f2_xy.tif,NCC Ent 11,Microphotus angustus,F2,mechano,NA,63,152.084,8,yellow
M_angustus_f2_xy.tif,NCC Ent 11,Microphotus angustus,F2,mechano,NA,67,170.844,9,yellow
M_angustus_f2_xy.tif,NCC Ent 11,Microphotus angustus,F2,mechano,NA,87,115.215,10,yellow
M_angustus_f2_xy.tif,NCC Ent 11,Microphotus angustus,F2,mechano,NA,106,110.227,11,yellow
M_angustus_f2_xy.tif,NCC Ent 11,Microphotus angustus,F2,mechano,NA,68,92.335,12,yellow
M_angustus_f2_xy.tif,NCC Ent 11,Microphotus angustus,F2,mechano,NA,78,89.841,13,yellow
M_angustus_f2_xy.tif,NCC Ent 11,Microphotus angustus,F2,mechano,NA,55,93.853,14,yellow
M_angustus_f2_xy.tif,NCC Ent 11,Microphotus angustus,F2,mechano,NA,75,100.278,15,yellow
M_angustus_f2_xy.tif,NCC Ent 11,Microphotus angustus,F2,mechano,NA,80,123.7,16,yellow
M_angustus_f2_xy.tif,NCC Ent 11,Microphotus angustus,F2,mechano,NA,89,146.96,17,yellow
M_angustus_f2_xy.tif,NCC Ent 11,Microphotus angustus,F2,mechano,NA,88,135.005,18,yellow
M_angustus_f2_xy.tif,NCC Ent 11,Microphotus angustus,F2,mechano,NA,59,188.302,19,yellow
M_angustus_f2_xy.tif,NCC Ent 11,Microphotus angustus,F2,mechano,NA,62,183.531,20,yellow
M_angustus_f2_xy.tif,NCC Ent 11,Microphotus angustus,F2,mechano,NA,59,251.955,21,yellow
M_angustus_f2_xy.tif,NCC Ent 11,Microphotus angustus,F2,mechano,NA,63,225.008,22,yellow
M_angustus_f2_xy.tif,NCC Ent 11,Microphotus angustus,F2,mechano,NA,60,113.751,23,yellow
M_angustus_f2_xy.tif,NCC Ent 11,Microphotus angustus,F2,mechano,NA,63,163.687,24,yellow
M_angustus_f2_xy.tif,NCC Ent 11,Microphotus angustus,F2,mechano,NA,102,146.066,25,yellow
M_angustus_f2_xy.tif,NCC Ent 11,Microphotus angustus,F2,mechano,NA,65,126.222,26,yellow
M_angustus_f2_xy.tif,NCC Ent 11,Microphotus angustus,F2,mechano,NA,65,162.657,27,yellow
M_angustus_f2_xy.tif,NCC Ent 11,Microphotus angustus,F2,mechano,NA,67,187.326,28,yellow
M_angustus_f2_xy.tif,NCC Ent 11,Microphotus angustus,F2,mechano,NA,74,172.253,29,yellow
M_angustus_f2_xy.tif,NCC Ent 11,Microphotus angustus,F2,mechano,NA,63,223.328,30,yellow
M_angustus_f2_xy.tif,NCC Ent 11,Microphotus angustus,F2,mechano,NA,75,277.33,31,yellow
M_angustus_f2_xy.tif,NCC Ent 11,Microphotus angustus,F2,mechano,NA,73,259.519,32,yellow
M_angustus_f2_xy.tif,NCC Ent 11,Microphotus angustus,F2,mechano,NA,100,269.848,33,yellow
M_angustus_f2_xy.tif,NCC Ent 11,Microphotus angustus,F2,mechano,NA,122,261.606,34,yellow
M_angustus_f2_xy.tif,NCC Ent 11,Microphotus angustus,F2,mechano,NA,58,94.992,35,yellow
M_angustus_f2_xy.tif,NCC Ent 11,Microphotus angustus,F2,mechano,NA,113,187.543,36,yellow
M_angustus_f2_xy.tif,NCC Ent 11,Microphotus angustus,F2,mechano,NA,78,59.207,37,yellow
M_angustus_f2_xy.tif,NCC Ent 11,Microphotus angustus,F2,mechano,NA,126,68.316,38,yellow
M_angustus_f2_xy.tif,NCC Ent 11,Microphotus angustus,F2,mechano,NA,97,67.177,39,yellow
M_angustus_f2_xy.tif,NCC Ent 11,Microphotus angustus,F2,mechano,NA,65,114.239,40,yellow
M_angustus_f2_xy.tif,NCC Ent 11,Microphotus angustus,F2,mechano,NA,67,142.325,41,yellow
M_angustus_f2_xy.tif,NCC Ent 11,Microphotus angustus,F2,mechano,NA,72,215.466,42,yellow
M_angustus_f2_xy.tif,NCC Ent 11,Microphotus angustus,F2,olfactory,trichoid,257.16,198.441,1,pink
M_angustus_f2_xy.tif,NCC Ent 11,Microphotus angustus,F2,olfactory,trichoid,269.522,183.802,2,pink
M_angustus_f2_xy.tif,NCC Ent 11,Microphotus angustus,F2,olfactory,trichoid,240.895,196.815,3,pink
M_angustus_f2_xy.tif,NCC Ent 11,Microphotus angustus,F2,olfactory,trichoid,238.292,206.303,4,pink
M_angustus_f2_xy.tif,NCC Ent 11,Microphotus angustus,F2,olfactory,trichoid,227.069,202.887,5,pink
M_angustus_f2_xy.tif,NCC Ent 11,Microphotus angustus,F2,olfactory,trichoid,217.608,188.519,6,pink
M_angustus_f2_xy.tif,NCC Ent 11,Microphotus angustus,F2,olfactory,trichoid,227.882,185.646,7,pink
M_angustus_f2_xy.tif,NCC Ent 11,Microphotus angustus,F2,olfactory,trichoid,212.538,179.248,8,pink
M_angustus_f2_xy.tif,NCC Ent 11,Microphotus angustus,F2,olfactory,trichoid,206.899,165.178,9,pink
M_angustus_f2_xy.tif,NCC Ent 11,Microphotus angustus,F2,olfactory,trichoid,209.827,157.208,10,pink
M_angustus_f2_xy.tif,NCC Ent 11,Microphotus angustus,F2,olfactory,trichoid,191.284,167.943,11,pink
M_angustus_f2_xy.tif,NCC Ent 11,Microphotus angustus,F2,olfactory,trichoid,222.758,170.546,12,pink
M_angustus_f2_xy.tif,NCC Ent 11,Microphotus angustus,F2,olfactory,trichoid,199.661,180.63,13,pink
M_angustus_f2_xy.tif,NCC Ent 11,Microphotus angustus,F2,olfactory,trichoid,189.251,184.209,14,pink
M_angustus_f2_xy.tif,NCC Ent 11,Microphotus angustus,F2,olfactory,trichoid,195.188,156.693,15,pink
M_angustus_f2_xy.tif,NCC Ent 11,Microphotus angustus,F2,olfactory,trichoid,211.562,149.482,16,pink
M_angustus_f2_xy.tif,NCC Ent 11,Microphotus angustus,F2,olfactory,trichoid,178.651,166.615,17,pink
M_angustus_f2_xy.tif,NCC Ent 11,Microphotus angustus,F2,olfactory,trichoid,170.79,152.464,18,pink
M_angustus_f2_xy.tif,NCC Ent 11,Microphotus angustus,F2,olfactory,trichoid,210.64,199.498,19,pink
M_angustus_f2_xy.tif,NCC Ent 11,Microphotus angustus,F2,olfactory,trichoid,108.926,71.786,20,pink
M_angustus_f2_xy.tif,NCC Ent 11,Microphotus angustus,F2,olfactory,trichoid,135.249,64.331,21,pink
M_angustus_f2_xy.tif,NCC Ent 11,Microphotus angustus,F2,olfactory,trichoid,150.274,67.747,22,pink
M_angustus_f2_xy.tif,NCC Ent 11,Microphotus angustus,F2,olfactory,trichoid,159.973,99.546,23,pink
M_angustus_f2_xy.tif,NCC Ent 11,Microphotus angustus,F2,olfactory,trichoid,141.023,101.579,24,pink
M_angustus_f2_xy.tif,NCC Ent 11,Microphotus angustus,F2,olfactory,trichoid,191.772,118.577,25,pink
M_angustus_f2_xy.tif,NCC Ent 11,Microphotus angustus,F2,olfactory,trichoid,200.556,129.312,26,pink
M_angustus_f2_xy.tif,NCC Ent 11,Microphotus angustus,F2,olfactory,trichoid,211.616,138.529,27,pink
M_angustus_f2_xy.tif,NCC Ent 11,Microphotus angustus,F2,olfactory,trichoid,178.516,143.382,28,pink
M_angustus_f2_xy.tif,NCC Ent 11,Microphotus angustus,F2,olfactory,trichoid,167.292,134.924,29,pink
M_angustus_f2_xy.tif,NCC Ent 11,Microphotus angustus,F2,olfactory,trichoid,148.343,150.566,30,pink
M_angustus_f2_xy.tif,NCC Ent 11,Microphotus angustus,F2,olfactory,trichoid,108.98,29.278,31,pink
M_angustus_f2_xy.tif,NCC Ent 11,Microphotus angustus,F2,olfactory,trichoid,114.754,7.97,32,pink
M_angustus_f2_xy.tif,NCC Ent 11,Microphotus angustus,F2,olfactory,trichoid,105.158,2.765,33,pink
M_angustus_f2_xy.tif,NCC Ent 11,Microphotus angustus,F2,olfactory,trichoid,81.328,20.413,34,pink
M_angustus_f2_xy.tif,NCC Ent 11,Microphotus angustus,F2,olfactory,trichoid,179.573,132.769,35,pink
M_angustus_f2_xy.tif,NCC Ent 11,Microphotus angustus,F2,olfactory,trichoid,207.604,108.926,36,pink
M_angustus_f2_xy.tif,NCC Ent 11,Microphotus angustus,F2,olfactory,trichoid,208.146,119.227,37,pink
M_angustus_f2_xy.tif,NCC Ent 11,Microphotus angustus,F2,olfactory,trichoid,237.425,162.765,38,pink
M_angustus_f2_xy.tif,NCC Ent 11,Microphotus angustus,F2,olfactory,trichoid,238.048,150.783,39,pink
M_angustus_f2_xy.tif,NCC Ent 11,Microphotus angustus,F2,olfactory,trichoid,234.226,137.282,40,pink
M_angustus_f2_xy.tif,NCC Ent 11,Microphotus angustus,F2,olfactory,trichoid,194.944,99.099,41,pink
M_angustus_f2_xy.tif,NCC Ent 11,Microphotus angustus,F2,olfactory,trichoid,199.417,87.957,42,pink
M_angustus_f2_xy.tif,NCC Ent 11,Microphotus angustus,F2,olfactory,trichoid,140.047,8.295,43,pink
M_angustus_f2_xy.tif,NCC Ent 11,Microphotus angustus,F2,olfactory,trichoid,152.843,19.356,44,pink
M_angustus_f2_xy.tif,NCC Ent 11,Microphotus angustus,F2,olfactory,trichoid,135.33,140.576,45,pink
M_angustus_f2_xy.tif,NCC Ent 11,Microphotus angustus,F2,olfactory,trichoid,155.12,41.694,46,pink
M_angustus_f3_xy.tif,NCC Ent 11,Microphotus angustus,F3,mechano,NA,215.185,214.17,1,yellow
M_angustus_f3_xy.tif,NCC Ent 11,Microphotus angustus,F3,mechano,NA,181.858,215.128,2,yellow
M_angustus_f3_xy.tif,NCC Ent 11,Microphotus angustus,F3,mechano,NA,165.843,211.294,3,yellow
M_angustus_f3_xy.tif,NCC Ent 11,Microphotus angustus,F3,mechano,NA,161.332,188.963,4,yellow
M_angustus_f3_xy.tif,NCC Ent 11,Microphotus angustus,F3,mechano,NA,215.918,177.685,5,yellow
M_angustus_f3_xy.tif,NCC Ent 11,Microphotus angustus,F3,mechano,NA,201.256,187.835,6,yellow
M_angustus_f3_xy.tif,NCC Ent 11,Microphotus angustus,F3,mechano,NA,230.805,194.377,7,yellow
M_angustus_f3_xy.tif,NCC Ent 11,Microphotus angustus,F3,mechano,NA,226.293,160.994,8,yellow
M_angustus_f3_xy.tif,NCC Ent 11,Microphotus angustus,F3,mechano,NA,213.888,146.332,9,yellow
M_angustus_f3_xy.tif,NCC Ent 11,Microphotus angustus,F3,mechano,NA,221.331,138.212,10,yellow
M_angustus_f3_xy.tif,NCC Ent 11,Microphotus angustus,F3,mechano,NA,210.73,158.513,11,yellow
M_angustus_f3_xy.tif,NCC Ent 11,Microphotus angustus,F3,mechano,NA,201.482,157.385,12,yellow
M_angustus_f3_xy.tif,NCC Ent 11,Microphotus angustus,F3,mechano,NA,191.783,113.288,13,yellow
M_angustus_f3_xy.tif,NCC Ent 11,Microphotus angustus,F3,mechano,NA,211.406,120.506,14,yellow
M_angustus_f3_xy.tif,NCC Ent 11,Microphotus angustus,F3,mechano,NA,212.985,108.551,15,yellow
M_angustus_f3_xy.tif,NCC Ent 11,Microphotus angustus,F3,mechano,NA,192.459,98.852,16,yellow
M_angustus_f3_xy.tif,NCC Ent 11,Microphotus angustus,F3,mechano,NA,178.023,89.829,17,yellow
M_angustus_f3_xy.tif,NCC Ent 11,Microphotus angustus,F3,mechano,NA,184.79,67.95,18,yellow
M_angustus_f3_xy.tif,NCC Ent 11,Microphotus angustus,F3,mechano,NA,168.324,57.574,19,yellow
M_angustus_f3_xy.tif,NCC Ent 11,Microphotus angustus,F3,mechano,NA,149.152,61.183,20,yellow
M_angustus_f3_xy.tif,NCC Ent 11,Microphotus angustus,F3,mechano,NA,166.971,82.611,21,yellow
M_angustus_f3_xy.tif,NCC Ent 11,Microphotus angustus,F3,mechano,NA,122.085,109.679,22,yellow
M_angustus_f3_xy.tif,NCC Ent 11,Microphotus angustus,F3,mechano,NA,115.092,83.288,23,yellow
M_angustus_f3_xy.tif,NCC Ent 11,Microphotus angustus,F3,mechano,NA,138.325,67.048,24,yellow
M_angustus_f3_xy.tif,NCC Ent 11,Microphotus angustus,F3,mechano,NA,122.31,75.168,25,yellow
M_angustus_f3_xy.tif,NCC Ent 11,Microphotus angustus,F3,mechano,NA,113.513,44.041,26,yellow
M_angustus_f3_xy.tif,NCC Ent 11,Microphotus angustus,F3,mechano,NA,106.746,30.056,27,yellow
M_angustus_f3_xy.tif,NCC Ent 11,Microphotus angustus,F3,mechano,NA,121.408,30.507,28,yellow
M_angustus_f3_xy.tif,NCC Ent 11,Microphotus angustus,F3,mechano,NA,132.235,36.823,29,yellow
M_angustus_f3_xy.tif,NCC Ent 11,Microphotus angustus,F3,mechano,NA,139.678,16.973,30,yellow
M_angustus_f3_xy.tif,NCC Ent 11,Microphotus angustus,F3,mechano,NA,125.242,12.011,31,yellow
M_angustus_f3_xy.tif,NCC Ent 11,Microphotus angustus,F3,mechano,NA,156.144,21.71,32,yellow
M_angustus_f3_xy.tif,NCC Ent 11,Microphotus angustus,F3,mechano,NA,152.761,32.086,33,yellow
M_angustus_f3_xy.tif,NCC Ent 11,Microphotus angustus,F3,mechano,NA,163.588,20.582,34,yellow
M_angustus_f3_xy.tif,NCC Ent 11,Microphotus angustus,F3,mechano,NA,171.708,23.289,35,yellow
M_angustus_f3_xy.tif,NCC Ent 11,Microphotus angustus,F3,mechano,NA,174.866,50.131,36,yellow
M_angustus_f3_xy.tif,NCC Ent 11,Microphotus angustus,F3,mechano,NA,204.696,95.243,37,yellow
M_angustus_f3_xy.tif,NCC Ent 11,Microphotus angustus,F3,olfactory,trichoid,217.215,195.899,1,pink
M_angustus_f3_xy.tif,NCC Ent 11,Microphotus angustus,F3,olfactory,trichoid,224.714,188.625,2,pink
M_angustus_f3_xy.tif,NCC Ent 11,Microphotus angustus,F3,olfactory,trichoid,224.714,171.482,3,pink
M_angustus_f3_xy.tif,NCC Ent 11,Microphotus angustus,F3,olfactory,trichoid,237.177,217.215,4,pink
M_angustus_f3_xy.tif,NCC Ent 11,Microphotus angustus,F3,olfactory,trichoid,226.857,209.771,5,pink
M_angustus_f3_xy.tif,NCC Ent 11,Microphotus angustus,F3,olfactory,trichoid,194.884,185.072,6,pink
M_angustus_f3_xy.tif,NCC Ent 11,Microphotus angustus,F3,olfactory,trichoid,186.087,195.053,7,pink
M_angustus_f3_xy.tif,NCC Ent 11,Microphotus angustus,F3,olfactory,trichoid,178.982,181.52,8,pink
M_angustus_f3_xy.tif,NCC Ent 11,Microphotus angustus,F3,olfactory,trichoid,183.888,171.369,9,pink
M_angustus_f3_xy.tif,NCC Ent 11,Microphotus angustus,F3,olfactory,trichoid,192.854,164.941,10,pink
M_angustus_f3_xy.tif,NCC Ent 11,Microphotus angustus,F3,olfactory,trichoid,187.441,157.497,11,pink
M_angustus_f3_xy.tif,NCC Ent 11,Microphotus angustus,F3,olfactory,trichoid,176.445,159.358,12,pink
M_angustus_f3_xy.tif,NCC Ent 11,Microphotus angustus,F3,olfactory,trichoid,199.959,138.043,13,pink
M_angustus_f3_xy.tif,NCC Ent 11,Microphotus angustus,F3,olfactory,trichoid,171.877,173.061,14,pink
M_angustus_f3_xy.tif,NCC Ent 11,Microphotus angustus,F3,olfactory,trichoid,161.896,176.275,15,pink
M_angustus_f3_xy.tif,NCC Ent 11,Microphotus angustus,F3,olfactory,trichoid,198.944,216.2,16,pink
M_angustus_f3_xy.tif,NCC Ent 11,Microphotus angustus,F3,olfactory,trichoid,156.313,159.358,17,pink
M_angustus_f3_xy.tif,NCC Ent 11,Microphotus angustus,F3,olfactory,trichoid,153.437,142.103,18,pink
M_angustus_f3_xy.tif,NCC Ent 11,Microphotus angustus,F3,olfactory,trichoid,173.738,143.287,19,pink
M_angustus_f3_xy.tif,NCC Ent 11,Microphotus angustus,F3,olfactory,trichoid,170.354,120.111,20,pink
M_angustus_f3_xy.tif,NCC Ent 11,Microphotus angustus,F3,olfactory,trichoid,152.592,116.22,21,pink
M_angustus_f3_xy.tif,NCC Ent 11,Microphotus angustus,F3,olfactory,trichoid,170.185,109.791,22,pink
M_angustus_f3_xy.tif,NCC Ent 11,Microphotus angustus,F3,olfactory,trichoid,177.29,102.856,23,pink
M_angustus_f3_xy.tif,NCC Ent 11,Microphotus angustus,F3,olfactory,trichoid,167.479,99.641,24,pink
M_angustus_f3_xy.tif,NCC Ent 11,Microphotus angustus,F3,olfactory,trichoid,157.159,102.348,25,pink
M_angustus_f3_xy.tif,NCC Ent 11,Microphotus angustus,F3,olfactory,trichoid,151.069,104.378,26,pink
M_angustus_f3_xy.tif,NCC Ent 11,Microphotus angustus,F3,olfactory,trichoid,144.641,113.513,27,pink
M_angustus_f3_xy.tif,NCC Ent 11,Microphotus angustus,F3,olfactory,trichoid,145.317,171.708,28,pink
M_angustus_f3_xy.tif,NCC Ent 11,Microphotus angustus,F3,olfactory,trichoid,137.874,94.059,29,pink
M_angustus_f3_xy.tif,NCC Ent 11,Microphotus angustus,F3,olfactory,trichoid,139.058,79.341,30,pink
M_angustus_f3_xy.tif,NCC Ent 11,Microphotus angustus,F3,olfactory,trichoid,157.328,82.893,31,pink
M_angustus_f3_xy.tif,NCC Ent 11,Microphotus angustus,F3,olfactory,trichoid,156.144,92.536,32,pink
M_angustus_f3_xy.tif,NCC Ent 11,Microphotus angustus,F3,olfactory,trichoid,125.186,44.153,33,pink
M_angustus_f3_xy.tif,NCC Ent 11,Microphotus angustus,F3,olfactory,trichoid,137.705,48.721,34,pink
M_angustus_f3_xy.tif,NCC Ent 11,Microphotus angustus,F3,olfactory,trichoid,127.216,65.807,35,pink
M_angustus_f3_xy.tif,NCC Ent 11,Microphotus angustus,F3,olfactory,trichoid,149.208,43.477,36,pink
M_angustus_f3_xy.tif,NCC Ent 11,Microphotus angustus,F3,olfactory,trichoid,133.644,24.53,37,pink
M_angustus_f3_xy.tif,NCC Ent 11,Microphotus angustus,F3,olfactory,trichoid,115.036,11.842,38,pink
M_angustus_f3_xy.tif,NCC Ent 11,Microphotus angustus,F3,olfactory,trichoid,172.554,34.68,39,pink
M_angustus_f3_xy.tif,NCC Ent 11,Microphotus angustus,F3,olfactory,trichoid,189.302,47.029,40,pink
M_angustus_f3_xy.tif,NCC Ent 11,Microphotus angustus,F3,olfactory,trichoid,193.023,51.259,41,pink
M_angustus_f3_xy.tif,NCC Ent 11,Microphotus angustus,F3,olfactory,trichoid,194.546,74.773,42,pink
M_angustus_f3_xy.tif,NCC Ent 11,Microphotus angustus,F3,olfactory,trichoid,185.918,79.848,43,pink
M_angustus_f3_xy.tif,NCC Ent 11,Microphotus angustus,F3,olfactory,trichoid,157.836,63.101,44,pink
M_angustus_f3_xy.tif,NCC Ent 11,Microphotus angustus,F3,olfactory,trichoid,199.621,97.611,45,pink
M_angustus_f3_xy.tif,NCC Ent 11,Microphotus angustus,F3,olfactory,trichoid,224.489,126.878,46,pink
M_angustus_f4_xy.tif,NCC Ent 11,Microphotus angustus,F4,mechano,NA,30.035,9.263,1,yellow
M_angustus_f4_xy.tif,NCC Ent 11,Microphotus angustus,F4,mechano,NA,42.245,10.667,2,yellow
M_angustus_f4_xy.tif,NCC Ent 11,Microphotus angustus,F4,mechano,NA,48.701,15.86,3,yellow
M_angustus_f4_xy.tif,NCC Ent 11,Microphotus angustus,F4,mechano,NA,23.158,16.842,4,yellow
M_angustus_f4_xy.tif,NCC Ent 11,Microphotus angustus,F4,mechano,NA,30.456,28.631,5,yellow
M_angustus_f4_xy.tif,NCC Ent 11,Microphotus angustus,F4,mechano,NA,26.667,38.596,6,yellow
M_angustus_f4_xy.tif,NCC Ent 11,Microphotus angustus,F4,mechano,NA,7.86,37.614,7,yellow
M_angustus_f4_xy.tif,NCC Ent 11,Microphotus angustus,F4,mechano,NA,15.719,58.245,8,yellow
M_angustus_f4_xy.tif,NCC Ent 11,Microphotus angustus,F4,mechano,NA,32.982,57.122,9,yellow
M_angustus_f4_xy.tif,NCC Ent 11,Microphotus angustus,F4,mechano,NA,10.807,68.912,10,yellow
M_angustus_f4_xy.tif,NCC Ent 11,Microphotus angustus,F4,mechano,NA,54.877,28.491,11,yellow
M_angustus_f4_xy.tif,NCC Ent 11,Microphotus angustus,F4,mechano,NA,54.877,38.409,12,yellow
M_angustus_f4_xy.tif,NCC Ent 11,Microphotus angustus,F4,mechano,NA,56,51.321,13,yellow
M_angustus_f4_xy.tif,NCC Ent 11,Microphotus angustus,F4,mechano,NA,74.526,54.128,14,yellow
M_angustus_f4_xy.tif,NCC Ent 11,Microphotus angustus,F4,mechano,NA,36.725,73.871,15,yellow
M_angustus_f4_xy.tif,NCC Ent 11,Microphotus angustus,F4,mechano,NA,22.877,81.73,16,yellow
M_angustus_f4_xy.tif,NCC Ent 11,Microphotus angustus,F4,mechano,NA,65.169,93.707,17,yellow
M_angustus_f4_xy.tif,NCC Ent 11,Microphotus angustus,F4,mechano,NA,43.275,98.198,18,yellow
M_angustus_f4_xy.tif,NCC Ent 11,Microphotus angustus,F4,mechano,NA,64.795,73.871,19,yellow
M_angustus_f4_xy.tif,NCC Ent 11,Microphotus angustus,F4,mechano,NA,74.526,67.321,20,yellow
M_angustus_f4_xy.tif,NCC Ent 11,Microphotus angustus,F4,mechano,NA,90.994,66.011,21,yellow
M_angustus_f4_xy.tif,NCC Ent 11,Microphotus angustus,F4,mechano,NA,79.391,46.175,22,yellow
M_angustus_f4_xy.tif,NCC Ent 11,Microphotus angustus,F4,mechano,NA,90.432,39.251,23,yellow
M_angustus_f4_xy.tif,NCC Ent 11,Microphotus angustus,F4,mechano,NA,111.391,48.421,24,yellow
M_angustus_f4_xy.tif,NCC Ent 11,Microphotus angustus,F4,mechano,NA,109.52,59.462,25,yellow
M_angustus_f4_xy.tif,NCC Ent 11,Microphotus angustus,F4,mechano,NA,116.069,72.935,26,yellow
M_angustus_f4_xy.tif,NCC Ent 11,Microphotus angustus,F4,mechano,NA,114.385,84.818,27,yellow
M_angustus_f4_xy.tif,NCC Ent 11,Microphotus angustus,F4,mechano,NA,114.947,100.35,28,yellow
M_angustus_f4_xy.tif,NCC Ent 11,Microphotus angustus,F4,mechano,NA,99.602,99.602,29,yellow
M_angustus_f4_xy.tif,NCC Ent 11,Microphotus angustus,F4,mechano,NA,93.988,107.461,30,yellow
M_angustus_f4_xy.tif,NCC Ent 11,Microphotus angustus,F4,mechano,NA,118.689,114.572,31,yellow
M_angustus_f4_xy.tif,NCC Ent 11,Microphotus angustus,F4,mechano,NA,114.572,134.97,32,yellow
M_angustus_f4_xy.tif,NCC Ent 11,Microphotus angustus,F4,mechano,NA,140.771,137.028,33,yellow
M_angustus_f4_xy.tif,NCC Ent 11,Microphotus angustus,F4,mechano,NA,137.777,124.303,34,yellow
M_angustus_f4_xy.tif,NCC Ent 11,Microphotus angustus,F4,mechano,NA,144.42,81.356,35,yellow
M_angustus_f4_xy.tif,NCC Ent 11,Microphotus angustus,F4,mechano,NA,167.25,79.111,36,yellow
M_angustus_f4_xy.tif,NCC Ent 11,Microphotus angustus,F4,mechano,NA,173.613,92.21,37,yellow
M_angustus_f4_xy.tif,NCC Ent 11,Microphotus angustus,F4,mechano,NA,193.636,88.093,38,yellow
M_angustus_f4_xy.tif,NCC Ent 11,Microphotus angustus,F4,mechano,NA,177.917,103.251,39,yellow
M_angustus_f4_xy.tif,NCC Ent 11,Microphotus angustus,F4,mechano,NA,149.286,94.268,40,yellow
M_angustus_f4_xy.tif,NCC Ent 11,Microphotus angustus,F4,mechano,NA,176.42,122.526,41,yellow
M_angustus_f4_xy.tif,NCC Ent 11,Microphotus angustus,F4,mechano,NA,207.484,113.075,42,yellow
M_angustus_f4_xy.tif,NCC Ent 11,Microphotus angustus,F4,mechano,NA,208.046,124.49,43,yellow
M_angustus_f4_xy.tif,NCC Ent 11,Microphotus angustus,F4,mechano,NA,180.35,178.666,44,yellow
M_angustus_f4_xy.tif,NCC Ent 11,Microphotus angustus,F4,mechano,NA,226.01,145.449,45,yellow
M_angustus_f4_xy.tif,NCC Ent 11,Microphotus angustus,F4,mechano,NA,216.092,111.391,46,yellow
M_angustus_f4_xy.tif,NCC Ent 11,Microphotus angustus,F4,mechano,NA,165.379,161.075,47,yellow
M_angustus_f4_xy.tif,NCC Ent 11,Microphotus angustus,F4,mechano,NA,208.42,181.379,48,yellow
M_angustus_f4_xy.tif,NCC Ent 11,Microphotus angustus,F4,mechano,NA,227.975,107.555,49,yellow
M_angustus_f4_xy.tif,NCC Ent 11,Microphotus angustus,F4,mechano,NA,245.94,122.151,50,yellow
M_angustus_f4_xy.tif,NCC Ent 11,Microphotus angustus,F4,mechano,NA,256.419,122.713,51,yellow
M_angustus_f4_xy.tif,NCC Ent 11,Microphotus angustus,F4,mechano,NA,264.84,138.058,52,yellow
M_angustus_f4_xy.tif,NCC Ent 11,Microphotus angustus,F4,mechano,NA,256.607,141.987,53,yellow
M_angustus_f4_xy.tif,NCC Ent 11,Microphotus angustus,F4,mechano,NA,237.145,140.303,54,yellow
M_angustus_f4_xy.tif,NCC Ent 11,Microphotus angustus,F4,mechano,NA,251.554,156.771,55,yellow
M_angustus_f4_xy.tif,NCC Ent 11,Microphotus angustus,F4,olfactory,trichoid,33.357,18.76,1,pink
M_angustus_f4_xy.tif,NCC Ent 11,Microphotus angustus,F4,olfactory,trichoid,66.105,86.69,2,pink
M_angustus_f4_xy.tif,NCC Ent 11,Microphotus angustus,F4,olfactory,trichoid,61.801,102.596,3,pink
M_angustus_f4_xy.tif,NCC Ent 11,Microphotus angustus,F4,olfactory,trichoid,92.491,115.414,4,pink
M_angustus_f4_xy.tif,NCC Ent 11,Microphotus angustus,F4,olfactory,trichoid,90.058,78.362,5,pink
M_angustus_f4_xy.tif,NCC Ent 11,Microphotus angustus,F4,olfactory,trichoid,97.918,56.093,6,pink
M_angustus_f4_xy.tif,NCC Ent 11,Microphotus angustus,F4,olfactory,trichoid,96.795,46.175,7,pink
M_angustus_f4_xy.tif,NCC Ent 11,Microphotus angustus,F4,olfactory,trichoid,122.432,60.959,8,pink
M_angustus_f4_xy.tif,NCC Ent 11,Microphotus angustus,F4,olfactory,trichoid,116.818,124.771,9,pink
M_angustus_f4_xy.tif,NCC Ent 11,Microphotus angustus,F4,olfactory,trichoid,125.426,98.572,10,pink
M_angustus_f4_xy.tif,NCC Ent 11,Microphotus angustus,F4,olfactory,trichoid,127.859,86.97,11,pink
M_angustus_f4_xy.tif,NCC Ent 11,Microphotus angustus,F4,olfactory,trichoid,129.543,76.865,12,pink
M_angustus_f4_xy.tif,NCC Ent 11,Microphotus angustus,F4,olfactory,trichoid,148.724,74.807,13,pink
M_angustus_f4_xy.tif,NCC Ent 11,Microphotus angustus,F4,olfactory,trichoid,143.672,103.064,14,pink
M_angustus_f4_xy.tif,NCC Ent 11,Microphotus angustus,F4,olfactory,trichoid,135.625,108.491,15,pink
M_angustus_f4_xy.tif,NCC Ent 11,Microphotus angustus,F4,olfactory,trichoid,149.66,114.666,16,pink
M_angustus_f4_xy.tif,NCC Ent 11,Microphotus angustus,F4,olfactory,trichoid,152.093,125.333,17,pink
M_angustus_f4_xy.tif,NCC Ent 11,Microphotus angustus,F4,olfactory,trichoid,159.578,129.824,18,pink
M_angustus_f4_xy.tif,NCC Ent 11,Microphotus angustus,F4,olfactory,trichoid,155.461,141.052,19,pink
M_angustus_f4_xy.tif,NCC Ent 11,Microphotus angustus,F4,olfactory,trichoid,142.736,147.414,20,pink
M_angustus_f4_xy.tif,NCC Ent 11,Microphotus angustus,F4,olfactory,trichoid,137.309,147.789,21,pink
M_angustus_f4_xy.tif,NCC Ent 11,Microphotus angustus,F4,olfactory,trichoid,169.122,141.239,22,pink
M_angustus_f4_xy.tif,NCC Ent 11,Microphotus angustus,F4,olfactory,trichoid,176.607,133.566,23,pink
M_angustus_f4_xy.tif,NCC Ent 11,Microphotus angustus,F4,olfactory,trichoid,185.028,140.49,24,pink
M_angustus_f4_xy.tif,NCC Ent 11,Microphotus angustus,F4,olfactory,trichoid,197.005,147.227,25,pink
M_angustus_f4_xy.tif,NCC Ent 11,Microphotus angustus,F4,olfactory,trichoid,188.397,121.964,26,pink
M_angustus_f4_xy.tif,NCC Ent 11,Microphotus angustus,F4,olfactory,trichoid,186.525,112.607,27,pink
M_angustus_f4_xy.tif,NCC Ent 11,Microphotus angustus,F4,olfactory,trichoid,187.835,98.947,28,pink
M_angustus_f4_xy.tif,NCC Ent 11,Microphotus angustus,F4,olfactory,trichoid,178.104,86.035,29,pink
M_angustus_f4_xy.tif,NCC Ent 11,Microphotus angustus,F4,olfactory,trichoid,194.946,95.953,30,pink
M_angustus_f4_xy.tif,NCC Ent 11,Microphotus angustus,F4,olfactory,trichoid,183.905,162.385,31,pink
M_angustus_f4_xy.tif,NCC Ent 11,Microphotus angustus,F4,olfactory,trichoid,201.215,158.923,32,pink
M_angustus_f4_xy.tif,NCC Ent 11,Microphotus angustus,F4,olfactory,trichoid,214.689,169.402,33,pink
M_angustus_f4_xy.tif,NCC Ent 11,Microphotus angustus,F4,olfactory,trichoid,217.309,157.239,34,pink
M_angustus_f4_xy.tif,NCC Ent 11,Microphotus angustus,F4,olfactory,trichoid,204.396,132.537,35,pink
M_angustus_f4_xy.tif,NCC Ent 11,Microphotus angustus,F4,olfactory,trichoid,230.595,160.794,36,pink
M_angustus_f4_xy.tif,NCC Ent 11,Microphotus angustus,F4,olfactory,trichoid,236.396,172.209,37,pink
M_angustus_f4_xy.tif,NCC Ent 11,Microphotus angustus,F4,olfactory,trichoid,238.08,155.18,38,pink
M_angustus_f4_xy.tif,NCC Ent 11,Microphotus angustus,F4,olfactory,trichoid,253.8,180.256,39,pink
M_angustus_f4_xy.tif,NCC Ent 11,Microphotus angustus,F4,olfactory,trichoid,260.349,174.642,40,pink
M_angustus_f4_xy.tif,NCC Ent 11,Microphotus angustus,F4,olfactory,trichoid,269.893,168.28,41,pink
M_angustus_f4_xy.tif,NCC Ent 11,Microphotus angustus,F4,olfactory,trichoid,270.08,156.303,42,pink
M_angustus_f4_xy.tif,NCC Ent 11,Microphotus angustus,F4,olfactory,trichoid,239.39,131.04,43,pink
M_angustus_f4_xy.tif,NCC Ent 11,Microphotus angustus,F4,olfactory,trichoid,227.414,117.192,44,pink
M_angustus_f4_xy.tif,NCC Ent 11,Microphotus angustus,F4,olfactory,trichoid,269.706,133.473,45,pink
M_angustus_f4_xy.tif,NCC Ent 11,Microphotus angustus,F4,olfactory,trichoid,279.998,151.063,46,pink
M_angustus_f4_xy.tif,NCC Ent 11,Microphotus angustus,F4,olfactory,trichoid,183.999,152.467,47,pink
M_angustus_f4_xy.tif,NCC Ent 11,Microphotus angustus,F4,olfactory,trichoid,209.449,147.227,48,pink
M_angustus_f5_xy.tif,NCC Ent 11,Microphotus angustus,F5,mechano,NA,143.525,102.337,1,yellow
M_angustus_f5_xy.tif,NCC Ent 11,Microphotus angustus,F5,mechano,NA,161.822,104.053,2,yellow
M_angustus_f5_xy.tif,NCC Ent 11,Microphotus angustus,F5,mechano,NA,126.231,96.766,3,yellow
M_angustus_f5_xy.tif,NCC Ent 11,Microphotus angustus,F5,mechano,NA,114.931,90.851,4,yellow
M_angustus_f5_xy.tif,NCC Ent 11,Microphotus angustus,F5,mechano,NA,158.495,82.376,5,yellow
M_angustus_f5_xy.tif,NCC Ent 11,Microphotus angustus,F5,mechano,NA,62.389,38.574,6,yellow
M_angustus_f5_xy.tif,NCC Ent 11,Microphotus angustus,F5,mechano,NA,76.013,41.848,7,yellow
M_angustus_f5_xy.tif,NCC Ent 11,Microphotus angustus,F5,mechano,NA,92.488,46.073,8,yellow
M_angustus_f5_xy.tif,NCC Ent 11,Microphotus angustus,F5,mechano,NA,78.337,56.211,9,yellow
M_angustus_f5_xy.tif,NCC Ent 11,Microphotus angustus,F5,mechano,NA,57.822,24.554,10,yellow
M_angustus_f5_xy.tif,NCC Ent 11,Microphotus angustus,F5,mechano,NA,44.515,27.485,11,yellow
M_angustus_f5_xy.tif,NCC Ent 11,Microphotus angustus,F5,mechano,NA,118.653,74.139,12,yellow
M_angustus_f5_xy.tif,NCC Ent 11,Microphotus angustus,F5,mechano,NA,98.733,60.594,13,yellow
M_angustus_f5_xy.tif,NCC Ent 11,Microphotus angustus,F5,mechano,NA,129.782,71.089,14,yellow
M_angustus_f5_xy.tif,NCC Ent 11,Microphotus angustus,F5,mechano,NA,113.294,57.215,15,yellow
M_angustus_f5_xy.tif,NCC Ent 11,Microphotus angustus,F5,mechano,NA,87.63,69.043,16,yellow
M_angustus_f5_xy.tif,NCC Ent 11,Microphotus angustus,F5,mechano,NA,52.04,17.98,17,yellow
M_angustus_f5_xy.tif,NCC Ent 11,Microphotus angustus,F5,mechano,NA,53.677,42.957,18,yellow
M_angustus_f5_xy.tif,NCC Ent 11,Microphotus angustus,F5,mechano,NA,60.066,58.904,19,yellow
M_angustus_f5_xy.tif,NCC Ent 11,Microphotus angustus,F5,mechano,NA,98.614,91.881,20,yellow
M_angustus_f5_xy.tif,NCC Ent 11,Microphotus angustus,F5,mechano,NA,86.68,29.914,21,yellow
M_angustus_f5_xy.tif,NCC Ent 11,Microphotus angustus,F5,mechano,NA,96.713,36.779,22,yellow
M_angustus_f5_xy.tif,NCC Ent 11,Microphotus angustus,F5,mechano,NA,69.043,27.168,23,yellow
M_angustus_f5_xy.tif,NCC Ent 11,Microphotus angustus,F5,mechano,NA,85.307,36.568,24,yellow
M_angustus_f5_xy.tif,NCC Ent 11,Microphotus angustus,F5,mechano,NA,120.95,57.426,25,yellow
M_angustus_f5_xy.tif,NCC Ent 11,Microphotus angustus,F5,mechano,NA,74.139,23.525,26,yellow
M_angustus_f5_xy.tif,NCC Ent 11,Microphotus angustus,F5,olfactory,trichoid,144.502,85.729,1,pink
M_angustus_f5_xy.tif,NCC Ent 11,Microphotus angustus,F5,olfactory,trichoid,82.799,47.314,2,pink
M_angustus_f5_xy.tif,NCC Ent 11,Microphotus angustus,F5,olfactory,trichoid,72.396,68.752,3,pink